Laureate_Id_x,Firstname,Lastname,Gender,Birth_Date,Birth_Country,Birth_City,Birth_Country_Code,Death_Date,Death_Country,Death_City,Death_Country_Code,Organization_Name,Organization_City,Organization_Country,Year,Laureate_Id_y,Category,Prize_Share,Motivation
1,Wilhelm Conrad,Röntgen,male,1845-03-27,Prussia (now Germany),Lennep (now Remscheid),DE,10/02/1923,Germany,Munich,DE,Munich University,Munich,Germany,1901,1,physics,1,"""in recognition of the extraordinary services he has rendered by the discovery of the remarkable rays subsequently named after him"""
293,Emil,von Behring,male,1854-03-15,Prussia (now Poland),Hansdorf (now Lawice),PL,31/03/1917,Germany,Marburg,DE,Marburg University,Marburg,Germany,1901,293,medicine,1,"""for his work on serum therapy especially its application against diphtheria by which he has opened a new road in the domain of medical science and thereby placed in the hands of the physician a victorious weapon against illness and deaths"""
462,Henry,Dunant,male,1828-05-08,Switzerland,Geneva,CH,30/10/1910,Switzerland,Heiden,CH,,,,1901,462,peace,2,"""for his humanitarian efforts to help wounded soldiers and create international understanding"""
463,Frédéric,Passy,male,1822-05-20,France,Paris,FR,12/06/1912,France,Paris,FR,,,,1901,463,peace,2,"""for his lifelong work for international peace conferences diplomacy and arbitration"""
569,Sully,Prudhomme,male,1839-03-16,France,Paris,FR,07/09/1907,France,Châtenay,FR,,,,1901,569,literature,1,"""in special recognition of his poetic composition which gives evidence of lofty idealism artistic perfection and a rare combination of the qualities of both heart and intellect"""
160,Jacobus H.,van 't Hoff,male,1852-08-30,the Netherlands,Rotterdam,NL,01/03/1911,Germany,Berlin,DE,Berlin University,Berlin,Germany,1901,160,chemistry,1,"""in recognition of the extraordinary services he has rendered by the discovery of the laws of chemical dynamics and osmotic pressure in solutions"""
161,Emil,Fischer,male,1852-10-09,Prussia (now Germany),Euskirchen,DE,15/07/1919,Germany,Berlin,DE,Berlin University,Berlin,Germany,1902,161,chemistry,1,"""in recognition of the extraordinary services he has rendered by his work on sugar and purine syntheses"""
571,Theodor,Mommsen,male,1817-11-30,Schleswig (now Germany),Garding,DE,01/11/1903,Germany,Charlottenburg,DE,,,,1902,571,literature,1,"""the greatest living master of the art of historical writing with special reference to his monumental work <I>A history of Rome</I>"""
465,Albert,Gobat,male,1843-05-21,Switzerland,Tramelan,CH,16/03/1914,Switzerland,Bern,CH,,,,1902,465,peace,2,"""for his eminently practical administration of the Inter-Parliamentary Union"""
464,Élie,Ducommun,male,1833-02-19,Switzerland,Geneva,CH,07/12/1906,Switzerland,Bern,CH,,,,1902,464,peace,2,"""for his untiring and skilful directorship of the Bern Peace Bureau"""
3,Pieter,Zeeman,male,1865-05-25,the Netherlands,Zonnemaire,NL,09/10/1943,the Netherlands,Amsterdam,NL,Amsterdam University,Amsterdam,the Netherlands,1902,3,physics,2,"""in recognition of the extraordinary service they rendered by their researches into the influence of magnetism upon radiation phenomena"""
294,Ronald,Ross,male,1857-05-13,India,Almora,IN,16/09/1932,United Kingdom,Putney Heath,GB,University College,Liverpool,United Kingdom,1902,294,medicine,1,"""for his work on malaria by which he has shown how it enters the organism and thereby has laid the foundation for successful research on this disease and methods of combating it"""
2,Hendrik A.,Lorentz,male,1853-07-18,the Netherlands,Arnhem,NL,04/02/1928,the Netherlands,,NL,Leiden University,Leiden,the Netherlands,1902,2,physics,2,"""in recognition of the extraordinary service they rendered by their researches into the influence of magnetism upon radiation phenomena"""
5,Pierre,Curie,male,1859-05-15,France,Paris,FR,19/04/1906,France,Paris,FR,École municipale de physique et de chimie industrielles (Municipal School of Industrial Physics and Chemistry),Paris,France,1903,5,physics,4,"""in recognition of the extraordinary services they have rendered by their joint researches on the radiation phenomena discovered by Professor Henri Becquerel"""
466,Randal,Cremer,male,1828-03-18,United Kingdom,Fareham,GB,22/07/1908,United Kingdom,London,GB,,,,1903,466,peace,1,"""for his longstanding and devoted effort in favour of the ideas of peace and arbitration"""
4,Henri,Becquerel,male,1852-12-15,France,Paris,FR,25/08/1908,France,,FR,École Polytechnique,Paris,France,1903,4,physics,2,"""in recognition of the extraordinary services he has rendered by his discovery of spontaneous radioactivity"""
6,Marie,Curie,female,1867-11-07,Russian Empire (now Poland),Warsaw,PL,04/07/1934,France,Sallanches,FR,,,,1903,6,physics,4,"""in recognition of the extraordinary services they have rendered by their joint researches on the radiation phenomena discovered by Professor Henri Becquerel"""
6,Marie,Curie,female,1867-11-07,Russian Empire (now Poland),Warsaw,PL,04/07/1934,France,Sallanches,FR,,,,1911,6,chemistry,1,"""in recognition of her services to the advancement of chemistry by the discovery of the elements radium and polonium by the isolation of radium and the study of the nature and compounds of this remarkable element"""
295,Niels Ryberg,Finsen,male,1860-12-15,Faroe Islands (Denmark),Thorshavn,DK,24/09/1904,Denmark,Copenhagen,DK,Finsen Medical Light Institute,Copenhagen,Denmark,1903,295,medicine,1,"""in recognition of his contribution to the treatment of diseases especially lupus vulgaris with concentrated light radiation whereby he has opened a new avenue for medical science"""
572,Bjørnstjerne,Bjørnson,male,1832-12-08,Norway,Kvikne,NO,26/04/1910,France,Paris,FR,,,,1903,572,literature,1,"""as a tribute to his noble magnificent and versatile poetry which has always been distinguished by both the freshness of its inspiration and the rare purity of its spirit"""
162,Svante,Arrhenius,male,1859-02-19,Sweden,Vik,SE,02/10/1927,Sweden,Stockholm,SE,Stockholm University,Stockholm,Sweden,1903,162,chemistry,1,"""in recognition of the extraordinary services he has rendered to the advancement of chemistry by his electrolytic theory of dissociation"""
574,José,Echegaray,male,1832-04-19,Spain,Madrid,ES,04/09/1916,Spain,Madrid,ES,,,,1904,574,literature,2,"""in recognition of the numerous and brilliant compositions which in an individual and original manner have revived the great traditions of the Spanish drama"""
8,Lord,Rayleigh,male,1842-11-12,United Kingdom,Langford Grove Maldon Essex,GB,30/06/1919,United Kingdom,,GB,Royal Institution of Great Britain,London,United Kingdom,1904,8,physics,1,"""for his investigations of the densities of the most important gases and for his discovery of argon in connection with these studies"""
467,Institute of International Law,,org,1873-00-00,,,,0000-00-00,,,,,,,1904,467,peace,1,"""for its striving in public law to develop peaceful ties between nations and to make the laws of war more humane"""
163,Sir William,Ramsay,male,1852-10-02,Scotland,Glasgow,GB,23/07/1916,United Kingdom,High Wycombe,GB,University College,London,United Kingdom,1904,163,chemistry,1,"""in recognition of his services in the discovery of the inert gaseous elements in air and his determination of their place in the periodic system"""
296,Ivan,Pavlov,male,1849-09-14,Russia,Ryazan,RU,27/02/1936,Russia,Leningrad,RU,Military Medical Academy,St. Petersburg,Russia,1904,296,medicine,1,"""in recognition of his work on the physiology of digestion through which knowledge on vital aspects of the subject has been transformed and enlarged"""
573,Frédéric,Mistral,male,1830-09-08,France,Maillane,FR,25/03/1914,France,Maillane,FR,,,,1904,573,literature,2,"""in recognition of the fresh originality and true inspiration of his poetic production which faithfully reflects the natural scenery and native spirit of his people and in addition his significant work as a Proven&ccedil;al philologist"""
164,Adolf,von Baeyer,male,1835-10-31,Prussia (now Germany),Berlin,DE,20/08/1917,Germany,Starnberg,DE,Munich University,Munich,Germany,1905,164,chemistry,1,"""in recognition of his services in the advancement of organic chemistry and the chemical industry through his work on organic dyes and hydroaromatic compounds"""
575,Henryk,Sienkiewicz,male,1846-05-05,Poland,Wola Okrzejska,PL,15/11/1916,Switzerland,Vevey,CH,,,,1905,575,literature,1,"""because of his outstanding merits as an epic writer"""
9,Philipp,Lenard,male,1862-06-07,Hungary (now Slovakia),Pressburg (now Bratislava),SK,20/05/1947,Germany,Messelhausen,DE,Kiel University,Kiel,Germany,1905,9,physics,1,"""for his work on cathode rays"""
468,Bertha,von Suttner,female,1843-06-09,Austrian Empire (now Czech Republic),Prague,CZ,21/06/1914,Austria,Vienna,AT,,,,1905,468,peace,1,"""for her audacity to oppose the horrors of war"""
297,Robert,Koch,male,1843-12-11,Germany,Clausthal (now Clausthal-Zellerfeld),DE,27/05/1910,Germany,Baden-Baden,DE,Institute for Infectious Diseases,Berlin,Germany,1905,297,medicine,1,"""for his investigations and discoveries in relation to tuberculosis"""
576,Giosuè,Carducci,male,1835-07-27,Tuscany (now Italy),Val di Castello,IT,16/02/1907,Italy,Bologna,IT,,,,1906,576,literature,1,"""not only in consideration of his deep learning and critical research but above all as a tribute to the creative energy freshness of style and lyrical force which characterize his poetic masterpieces"""
470,Theodore,Roosevelt,male,1858-10-27,USA,New York NY,US,06/01/1919,USA,Oyster Bay NY,US,,,,1906,470,peace,1,"""for his role in bringing to an end the bloody war recently waged between two of the world's great powers Japan and Russia"""
10,J.J.,Thomson,male,1856-12-18,United Kingdom,Cheetham Hill,GB,30/08/1940,United Kingdom,Cambridge,GB,University of Cambridge,Cambridge,United Kingdom,1906,10,physics,1,"""in recognition of the great merits of his theoretical and experimental investigations on the conduction of electricity by gases"""
299,Santiago,Ramón y Cajal,male,1852-05-01,Spain,Petilla de Aragón,ES,17/10/1934,Spain,Madrid,ES,Madrid University,Madrid,Spain,1906,299,medicine,2,"""in recognition of their work on the structure of the nervous system"""
165,Henri,Moissan,male,1852-09-28,France,Paris,FR,20/02/1907,France,Paris,FR,Sorbonne University,Paris,France,1906,165,chemistry,1,"""in recognition of the great services rendered by him in his investigation and isolation of the element fluorine and for the adoption in the service of science of the electric furnace called after him"""
298,Camillo,Golgi,male,1843-07-07,Italy,Corteno,IT,21/01/1926,Italy,Pavia,IT,Pavia University,Pavia,Italy,1906,298,medicine,2,"""in recognition of their work on the structure of the nervous system"""
300,Alphonse,Laveran,male,1845-06-18,France,Paris,FR,18/05/1922,France,Paris,FR,Institut Pasteur,Paris,France,1907,300,medicine,1,"""in recognition of his work on the role played by protozoa in causing diseases"""
166,Eduard,Buchner,male,1860-05-20,Bavaria (now Germany),Munich,DE,13/08/1917,Romania,Focsani,RO,Landwirtschaftliche Hochschule (Agricultural College),Berlin,Germany,1907,166,chemistry,1,"""for his biochemical researches and his discovery of cell-free fermentation"""
577,Rudyard,Kipling,male,1865-12-30,British India (now India),Bombay (now Mumbai),IN,18/01/1936,United Kingdom,London,GB,,,,1907,577,literature,1,"""in consideration of the power of observation originality of imagination virility of ideas and remarkable talent for narration which characterize the creations of this world-famous author"""
472,Louis,Renault,male,1843-05-21,France,Autun,FR,08/02/1918,France,Barbizon,FR,Sorbonne University,Paris,France,1907,472,peace,2,"""for his decisive influence upon the conduct and outcome of the Hague and Geneva Conferences"""
471,Ernesto Teodoro,Moneta,male,1833-09-20,Austrian Empire (now Italy),Milan,IT,10/02/1918,Italy,Milan,IT,,,,1907,471,peace,2,"""for his work in the press and in peace meetings both public and private for an understanding between France and Italy"""
11,Albert A.,Michelson,male,1852-12-19,Prussia (now Poland),Strelno (now Strzelno),PL,09/05/1931,USA,Pasadena CA,US,University of Chicago,Chicago IL,USA,1907,11,physics,1,"""for his optical precision instruments and the spectroscopic and metrological investigations carried out with their aid"""
167,Ernest,Rutherford,male,1871-08-30,New Zealand,Nelson,NZ,19/10/1937,United Kingdom,Cambridge,GB,Victoria University,Manchester,United Kingdom,1908,167,chemistry,1,"""for his investigations into the disintegration of the elements and the chemistry of radioactive substances"""
578,Rudolf,Eucken,male,1846-01-05,East Friesland (now Germany),Aurich,DE,14/09/1926,Germany,Jena,DE,,,,1908,578,literature,1,"""in recognition of his earnest search for truth his penetrating power of thought his wide range of vision and the warmth and strength in presentation with which in his numerous works he has vindicated and developed an idealistic philosophy of life"""
474,Fredrik,Bajer,male,1837-04-21,Denmark,Næstved,DK,22/01/1922,Denmark,Copenhagen,DK,,,,1908,474,peace,2,"""for their long time work for the cause of peace as politicians peace society leaders orators and authors"""
301,Ilya,Mechnikov,male,1845-05-15,Russian Empire (now Ukraine),Kharkov (now Kharkiv),UA,15/07/1916,France,Paris,FR,Institut Pasteur,Paris,France,1908,301,medicine,2,"""in recognition of their work on immunity"""
302,Paul,Ehrlich,male,1854-03-14,Prussia (now Poland),Strehlen (now Strzelin),PL,20/08/1915,Germany,Bad Homburg vor der Höhe,DE,Goettingen University,Göttingen,Germany,1908,302,medicine,2,"""in recognition of their work on immunity"""
473,Klas Pontus,Arnoldson,male,1844-10-27,Sweden,Gothenburg,SE,20/02/1916,Sweden,Stockholm,SE,,,,1908,473,peace,2,"""for their long time work for the cause of peace as politicians peace society leaders orators and authors"""
12,Gabriel,Lippmann,male,1845-08-16,Luxembourg,Hollerich,LU,13/07/1921,,,,Sorbonne University,Paris,France,1908,12,physics,1,"""for his method of reproducing colours photographically based on the phenomenon of interference"""
13,Guglielmo,Marconi,male,1874-04-25,Italy,Bologna,IT,20/07/1937,Italy,Rome,IT,Marconi Wireless Telegraph Co. Ltd.,London,United Kingdom,1909,13,physics,2,"""in recognition of their contributions to the development of wireless telegraphy"""
303,Theodor,Kocher,male,1841-08-25,Switzerland,Bern,CH,27/07/1917,Switzerland,Bern,CH,Berne University,Bern,Switzerland,1909,303,medicine,1,"""for his work on the physiology pathology and surgery of the thyroid gland"""
579,Selma,Lagerlöf,female,1858-11-20,Sweden,Mårbacka,SE,16/03/1940,Sweden,Mårbacka,SE,,,,1909,579,literature,1,"""in appreciation of the lofty idealism vivid imagination and spiritual perception that characterize her writings"""
168,Wilhelm,Ostwald,male,1853-09-02,Russian Empire (now Latvia),Riga,LV,04/04/1932,Germany,Leipzig,DE,Leipzig University,Leipzig,Germany,1909,168,chemistry,1,"""in recognition of his work on catalysis and for his investigations into the fundamental principles governing chemical equilibria and rates of reaction"""
14,Ferdinand,Braun,male,1850-06-06,Hesse-Kassel (now Germany),Fulda,DE,20/04/1918,USA,Brooklyn NY,US,Strasbourg University,Strasbourg,Germany (now France),1909,14,physics,2,"""in recognition of their contributions to the development of wireless telegraphy"""
475,Auguste,Beernaert,male,1829-07-26,Belgium,Ostend,BE,06/10/1912,Switzerland,Lucerne,CH,,,,1909,475,peace,2,"""for their prominent position in the international movement for peace and arbitration"""
476,Paul Henri,d'Estournelles de Constant,male,1852-11-22,France,La Flèche,FR,15/05/1924,France,Paris,FR,,,,1909,476,peace,2,"""for their prominent position in the international movement for peace and arbitration"""
580,Paul,Heyse,male,1830-03-15,Prussia (now Germany),Berlin,DE,02/04/1914,Germany,Munich,DE,,,,1910,580,literature,1,"""as a tribute to the consummate artistry permeated with idealism which he has demonstrated during his long productive career as a lyric poet dramatist novelist and writer of world-renowned short stories"""
477,Permanent International Peace Bureau,,org,1891-00-00,,,,0000-00-00,,,,,,,1910,477,peace,1,"""for acting as a link between the peace societies of the various countries and helping them to organize the world rallies of the international peace movement"""
15,Johannes Diderik,van der Waals,male,1837-11-23,the Netherlands,Leiden,NL,08/03/1923,the Netherlands,Amsterdam,NL,Amsterdam University,Amsterdam,the Netherlands,1910,15,physics,1,"""for his work on the equation of state for gases and liquids"""
304,Albrecht,Kossel,male,1853-09-16,Mecklenburg (now Germany),Rostock,DE,05/07/1927,Germany,Heidelberg,DE,University of Heidelberg,Heidelberg,Germany,1910,304,medicine,1,"""in recognition of the contributions to our knowledge of cell chemistry made through his work on proteins including the nucleic substances"""
169,Otto,Wallach,male,1847-03-27,Germany (now Russia),Koenigsberg (now Kaliningrad),RU,26/02/1931,Germany,Göttingen,DE,Goettingen University,Göttingen,Germany,1910,169,chemistry,1,"""in recognition of his services to organic chemistry and the chemical industry by his pioneer work in the field of alicyclic compounds"""
479,Alfred,Fried,male,1864-11-11,Austria,Vienna,AT,04/05/1921,Austria,Vienna,AT,,,,1911,479,peace,2,"""for his effort to expose and fight what he considers to be the main cause of war namely the anarchy in international relations"""
478,Tobias,Asser,male,1838-04-28,the Netherlands,Amsterdam,NL,29/07/1913,the Netherlands,the Hague,NL,,,,1911,478,peace,2,"""for his role as co-founder of the Institut de droit international initiator of the Conferences on International Private Law (Conférences de Droit international privé) at the Hague and pioneer in the field of international legal relations"""
6,Marie,Curie,female,1867-11-07,Russian Empire (now Poland),Warsaw,PL,04/07/1934,France,Sallanches,FR,Sorbonne University,Paris,France,1903,6,physics,4,"""in recognition of the extraordinary services they have rendered by their joint researches on the radiation phenomena discovered by Professor Henri Becquerel"""
6,Marie,Curie,female,1867-11-07,Russian Empire (now Poland),Warsaw,PL,04/07/1934,France,Sallanches,FR,Sorbonne University,Paris,France,1911,6,chemistry,1,"""in recognition of her services to the advancement of chemistry by the discovery of the elements radium and polonium by the isolation of radium and the study of the nature and compounds of this remarkable element"""
16,Wilhelm,Wien,male,1864-01-13,Prussia (now Russia),Gaffken (now Parusnoye),RU,30/08/1928,Germany,Munich,DE,Würzburg University,Würzburg,Germany,1911,16,physics,1,"""for his discoveries regarding the laws governing the radiation of heat"""
581,Maurice,Maeterlinck,male,1862-08-29,Belgium,Ghent,BE,06/05/1949,France,Nice,FR,,,,1911,581,literature,1,"""in appreciation of his many-sided literary activities and especially of his dramatic works which are distinguished by a wealth of imagination and by a poetic fancy which reveals sometimes in the guise of a fairy tale a deep inspiration while in a mysterious way they appeal to the readers' own feelings and stimulate their imaginations"""
305,Allvar,Gullstrand,male,1862-06-05,Sweden,Landskrona,SE,28/07/1930,Sweden,Stockholm,SE,Uppsala University,Uppsala,Sweden,1911,305,medicine,1,"""for his work on the dioptrics of the eye"""
582,Gerhart,Hauptmann,male,1862-11-15,Prussia (now Poland),Bad Salzbrunn,PL,06/06/1946,Germany (now Poland),Agnetendorf (now Jagniatków),PL,,,,1912,582,literature,1,"""primarily in recognition of his fruitful varied and outstanding production in the realm of dramatic art"""
306,Alexis,Carrel,male,1873-06-28,France,Sainte-Foy-lès-Lyon,FR,05/11/1944,France,Paris,FR,Rockefeller Institute for Medical Research,New York NY,USA,1912,306,medicine,1,"""in recognition of his work on vascular suture and the transplantation of blood vessels and organs"""
173,Paul,Sabatier,male,1854-11-05,France,Carcassonne,FR,14/08/1941,France,Toulouse,FR,Toulouse University,Toulouse,France,1912,173,chemistry,2,"""for his method of hydrogenating organic compounds in the presence of finely disintegrated metals whereby the progress of organic chemistry has been greatly advanced in recent years"""
172,Victor,Grignard,male,1871-05-06,France,Cherbourg,FR,13/12/1935,France,Lyon,FR,Nancy University,Nancy,France,1912,172,chemistry,2,"""for the discovery of the so-called Grignard reagent which in recent years has greatly advanced the progress of organic chemistry"""
17,Gustaf,Dalén,male,1869-11-30,Sweden,Stenstorp,SE,09/12/1937,Sweden,Stockholm,SE,Swedish Gas-Accumulator Co.,Lidingö Stockholm,Sweden,1912,17,physics,1,"""for his invention of automatic regulators for use in conjunction with gas accumulators for illuminating lighthouses and buoys"""
480,Elihu,Root,male,1845-02-15,USA,Clinton NY,US,07/02/1937,USA,New York NY,US,,,,1912,480,peace,1,"""for bringing about better understanding between the countries of North and South America and initiating important arbitration agreements between the United States and other countries"""
307,Charles,Richet,male,1850-08-26,France,Paris,FR,04/12/1935,France,Paris,FR,Sorbonne University,Paris,France,1913,307,medicine,1,"""in recognition of his work on anaphylaxis"""
174,Alfred,Werner,male,1866-12-12,France,Mulhouse,FR,15/11/1919,Switzerland,Zurich,CH,University of Zurich,Zurich,Switzerland,1913,174,chemistry,1,"""in recognition of his work on the linkage of atoms in molecules by which he has thrown new light on earlier investigations and opened up new fields of research especially in inorganic chemistry"""
481,Henri,La Fontaine,male,1854-04-22,Belgium,Brussels,BE,14/05/1943,Belgium,Brussels,BE,,,,1913,481,peace,1,"""for his unparalleled contribution to the organization of peaceful internationalism"""
583,Rabindranath,Tagore,male,1861-05-07,India,Calcutta,IN,07/08/1941,India,Calcutta,IN,,,,1913,583,literature,1,"""because of his profoundly sensitive fresh and beautiful verse by which with consummate skill he has made his poetic thought expressed in his own English words a part of the literature of the West"""
18,Heike,Kamerlingh Onnes,male,1853-09-21,the Netherlands,Groningen,NL,21/02/1926,the Netherlands,Leiden,NL,Leiden University,Leiden,the Netherlands,1913,18,physics,1,"""for his investigations on the properties of matter at low temperatures which led inter alia to the production of liquid helium"""
19,Max,von Laue,male,1879-10-09,Germany,Pfaffendorf,DE,23/04/1960,West Germany (now Germany),Berlin,DE,Frankfurt-on-the-Main University,Frankfurt-on-the-Main,Germany,1914,19,physics,1,"""for his discovery of the diffraction of X-rays by crystals"""
308,Robert,Bárány,male,1876-04-22,Austria,Vienna,AT,08/04/1936,Sweden,Uppsala,SE,Vienna University,Vienna,Austria,1914,308,medicine,1,"""for his work on the physiology and pathology of the vestibular apparatus"""
175,Theodore W.,Richards,male,1868-01-31,USA,Germantown PA,US,02/04/1928,USA,Cambridge MA,US,Harvard University,Cambridge MA,USA,1914,175,chemistry,1,"""in recognition of his accurate determinations of the atomic weight of a large number of chemical elements"""
20,William,Bragg,male,1862-07-02,United Kingdom,Wigton,GB,12/03/1942,United Kingdom,London,GB,University College,London,United Kingdom,1915,20,physics,2,"""for their services in the analysis of crystal structure by means of X-rays"""
21,Lawrence,Bragg,male,1890-03-31,Australia,Adelaide,AU,01/07/1971,United Kingdom,Ipswich,GB,Victoria University,Manchester,United Kingdom,1915,21,physics,2,"""for their services in the analysis of crystal structure by means of X-rays"""
176,Richard,Willstätter,male,1872-08-13,Germany,Karlsruhe,DE,03/08/1942,Switzerland,Locarno,CH,Kaiser-Wilhelm-Institut (now Max-Planck Institut) für Chemie,Berlin-Dahlem,Germany,1915,176,chemistry,1,"""for his researches on plant pigments especially chlorophyll"""
584,Romain,Rolland,male,1866-01-29,France,Clamecy,FR,30/12/1944,France,Vézelay,FR,,,,1915,584,literature,1,"""as a tribute to the lofty idealism of his literary production and to the sympathy and love of truth with which he has described different types of human beings"""
585,Verner,von Heidenstam,male,1859-07-06,Sweden,Olshammar,SE,20/05/1940,Sweden,Övralid,SE,,,,1916,585,literature,1,"""in recognition of his significance as the leading representative of a new era in our literature"""
482,International Committee of the Red Cross,,org,1863-00-00,,,,0000-00-00,,,,,,,1917,482,peace,1,"""for the efforts to take care of wounded soldiers and prisoners of war and their families"""
482,International Committee of the Red Cross,,org,1863-00-00,,,,0000-00-00,,,,,,,1944,482,peace,1,"""for the great work it has performed during the war on behalf of humanity"""
482,International Committee of the Red Cross,,org,1863-00-00,,,,0000-00-00,,,,,,,1963,482,peace,2,"""for promoting the principles of the Geneva Convention and cooperation with the UN"""
22,Charles Glover,Barkla,male,1877-06-07,United Kingdom,Widnes,GB,23/10/1944,Scotland,Edinburgh,GB,Edinburgh University,Edinburgh,United Kingdom,1917,22,physics,1,"""for his discovery of the characteristic R&ouml;ntgen radiation of the elements"""
586,Karl,Gjellerup,male,1857-06-02,Denmark,Roholte,DK,11/10/1919,Germany,Klotzsche,DE,,,,1917,586,literature,2,"""for his varied and rich poetry which is inspired by lofty ideals"""
587,Henrik,Pontoppidan,male,1857-07-24,Denmark,Fredericia,DK,21/08/1943,Denmark,Ordrup,DK,,,,1917,587,literature,2,"""for his authentic descriptions of present-day life in Denmark"""
23,Max,Planck,male,1858-04-23,Schleswig (now Germany),Kiel,DE,04/10/1947,West Germany (now Germany),Göttingen,DE,Berlin University,Berlin,Germany,1918,23,physics,1,"""in recognition of the services he rendered to the advancement of Physics by his discovery of energy quanta"""
177,Fritz,Haber,male,1868-12-09,Prussia (now Poland),Breslau (now Wroclaw),PL,29/01/1934,Switzerland,Basel,CH,Kaiser-Wilhelm-Institut (now Fritz-Haber-Institut) für physikalische Chemie und Electrochemie,Berlin-Dahlem,Germany,1918,177,chemistry,1,"""for the synthesis of ammonia from its elements"""
483,Woodrow,Wilson,male,1856-12-28,USA,Staunton VA,US,03/02/1924,USA,Washington D.C.,US,,,,1919,483,peace,1,"""for his role as founder of the League of Nations"""
309,Jules,Bordet,male,1870-06-13,Belgium,Soignies,BE,06/04/1961,Belgium,Brussels,BE,Brussels University,Brussels,Belgium,1919,309,medicine,1,"""for his discoveries relating to immunity"""
24,Johannes,Stark,male,1874-04-15,Germany,Schickenhof,DE,21/06/1957,West Germany (now Germany),Traunstein,DE,Greifswald University,Greifswald,Germany,1919,24,physics,1,"""for his discovery of the Doppler effect in canal rays and the splitting of spectral lines in electric fields"""
588,Carl,Spitteler,male,1845-04-24,Switzerland,Liestal,CH,29/12/1924,Switzerland,Lucerne,CH,,,,1919,588,literature,1,"""in special appreciation of his epic <I>Olympian Spring</I>"""
25,Charles Edouard,Guillaume,male,1861-02-15,Switzerland,Fleurier,CH,13/06/1938,France,Sèvres,FR,Bureau International des Poids et Mesures (International Bureau of Weights and Measures),Sèvres,France,1920,25,physics,1,"""in recognition of the service he has rendered to precision measurements in Physics by his discovery of anomalies in nickel steel alloys"""
178,Walther,Nernst,male,1864-06-25,Prussia (now Poland),Briesen (now Wąbrzeźno),PL,18/11/1941,Germany,Muskau,DE,Berlin University,Berlin,Germany,1920,178,chemistry,1,"""in recognition of his work in thermochemistry"""
310,August,Krogh,male,1874-11-15,Denmark,Grenå,DK,13/09/1949,Denmark,Copenhagen,DK,Copenhagen University,Copenhagen,Denmark,1920,310,medicine,1,"""for his discovery of the capillary motor regulating mechanism"""
484,Léon,Bourgeois,male,1851-05-21,France,Paris,FR,29/09/1925,France,Épernay,FR,,,,1920,484,peace,1,"""for his longstanding contribution to the cause of peace and justice and his prominent role in the establishment of the League of Nations"""
589,Knut,Hamsun,male,1859-08-04,Norway,Lom,NO,19/02/1952,Norway,Grimstad,NO,,,,1920,589,literature,1,"""for his monumental work <I>Growth of the Soil</I>"""
590,Anatole,France,male,1844-04-16,France,Paris,FR,12/10/1924,France,Saint-Cyr-sur-Loire,FR,,,,1921,590,literature,1,"""in recognition of his brilliant literary achievements characterized as they are by a nobility of style a profound human sympathy grace and a true Gallic temperament"""
485,Hjalmar,Branting,male,1860-11-23,Sweden,Stockholm,SE,24/02/1925,Sweden,Stockholm,SE,,,,1921,485,peace,2,"""for their lifelong contributions to the cause of peace and organized internationalism"""
26,Albert,Einstein,male,1879-03-14,Germany,Ulm,DE,18/04/1955,USA,Princeton NJ,US,Kaiser-Wilhelm-Institut (now Max-Planck-Institut) für Physik,Berlin,Germany,1921,26,physics,1,"""for his services to Theoretical Physics and especially for his discovery of the law of the photoelectric effect"""
179,Frederick,Soddy,male,1877-09-02,United Kingdom,Eastbourne,GB,22/09/1956,United Kingdom,Brighton,GB,University of Oxford,Oxford,United Kingdom,1921,179,chemistry,1,"""for his contributions to our knowledge of the chemistry of radioactive substances and his investigations into the origin and nature of isotopes"""
486,Christian,Lange,male,1869-09-17,Norway,Stavanger,NO,11/12/1938,Norway,Oslo,NO,,,,1921,486,peace,2,"""for their lifelong contributions to the cause of peace and organized internationalism"""
27,Niels,Bohr,male,1885-10-07,Denmark,Copenhagen,DK,18/11/1962,Denmark,Copenhagen,DK,Copenhagen University,Copenhagen,Denmark,1922,27,physics,1,"""for his services in the investigation of the structure of atoms and of the radiation emanating from them"""
487,Fridtjof,Nansen,male,1861-10-10,Norway,Kristiania (now Oslo),NO,13/05/1930,Norway,Oslo,NO,,,,1922,487,peace,1,"""for his leading role in the repatriation of prisoners of war in international relief work and as the League of Nations' High Commissioner for refugees"""
180,Francis W.,Aston,male,1877-09-01,United Kingdom,Harborne,GB,20/11/1945,United Kingdom,Cambridge,GB,University of Cambridge,Cambridge,United Kingdom,1922,180,chemistry,1,"""for his discovery by means of his mass spectrograph of isotopes in a large number of non-radioactive elements and for his enunciation of the whole-number rule"""
312,Otto,Meyerhof,male,1884-04-12,Germany,Hanover,DE,06/10/1951,USA,Philadelphia PA,US,Kiel University,Kiel,Germany,1922,312,medicine,2,"""for his discovery of the fixed relationship between the consumption of oxygen and the metabolism of lactic acid in the muscle"""
592,Jacinto,Benavente,male,1866-08-12,Spain,Madrid,ES,14/07/1954,Spain,Madrid,ES,,,,1922,592,literature,1,"""for the happy manner in which he has continued the illustrious traditions of the Spanish drama"""
311,Archibald V.,Hill,male,1886-09-26,United Kingdom,Bristol,GB,03/06/1977,United Kingdom,Cambridge,GB,London University,London,United Kingdom,1922,311,medicine,2,"""for his discovery relating to the production of heat in the muscle"""
313,Frederick G.,Banting,male,1891-11-14,Canada,Alliston,CA,21/02/1941,Canada,Newfoundland,CA,University of Toronto,Toronto,Canada,1923,313,medicine,2,"""for the discovery of insulin"""
314,John,Macleod,male,1876-09-06,Scotland,Cluny,GB,16/03/1935,Scotland,Aberdeen,GB,University of Toronto,Toronto,Canada,1923,314,medicine,2,"""for the discovery of insulin"""
28,Robert A.,Millikan,male,1868-03-22,USA,Morrison IL,US,19/12/1953,USA,San Marino CA,US,California Institute of Technology (Caltech),Pasadena CA,USA,1923,28,physics,1,"""for his work on the elementary charge of electricity and on the photoelectric effect"""
181,Fritz,Pregl,male,1869-09-03,Austria-Hungary (now Slovenia),Laibach (now Ljubljana),SI,13/12/1930,Austria,Graz,AT,Graz University,Graz,Austria,1923,181,chemistry,1,"""for his invention of the method of micro-analysis of organic substances"""
593,William Butler,Yeats,male,1865-06-13,Ireland,Dublin,IE,28/01/1939,France,Roquebrune-Cap-Martin,FR,,,,1923,593,literature,1,"""for his always inspired poetry which in a highly artistic form gives expression to the spirit of a whole nation"""
594,Wladyslaw,Reymont,male,1867-05-07,Russian Empire (now Poland),Kobiele Wielkie,PL,05/12/1925,Poland,Warsaw,PL,,,,1924,594,literature,1,"""for his great national epic <I>The Peasants</I>"""
315,Willem,Einthoven,male,1860-05-21,Java Dutch East Indies (now Indonesia),Semarang,ID,29/09/1927,the Netherlands,Leiden,NL,Leiden University,Leiden,the Netherlands,1924,315,medicine,1,"""for his discovery of the mechanism of the electrocardiogram"""
29,Manne,Siegbahn,male,1886-12-03,Sweden,Örebro,SE,26/09/1978,Sweden,Stockholm,SE,Uppsala University,Uppsala,Sweden,1924,29,physics,1,"""for his discoveries and research in the field of X-ray spectroscopy"""
30,James,Franck,male,1882-08-26,Germany,Hamburg,DE,21/05/1964,West Germany (now Germany),Göttingen,DE,Goettingen University,Göttingen,Germany,1925,30,physics,2,"""for their discovery of the laws governing the impact of an electron upon an atom"""
31,Gustav,Hertz,male,1887-07-22,Germany,Hamburg,DE,30/10/1975,East Germany (now Germany),Berlin,DE,Halle University,Halle,Germany,1925,31,physics,2,"""for their discovery of the laws governing the impact of an electron upon an atom"""
488,Sir Austen,Chamberlain,male,1863-10-16,United Kingdom,Birmingham,GB,16/03/1937,United Kingdom,London,GB,,,,1925,488,peace,2,"""for his crucial role in bringing about the Locarno Treaty"""
489,Charles G.,Dawes,male,1865-08-27,USA,Marietta OH,US,23/04/1951,USA,Evanston IL,US,,,,1925,489,peace,2,"""for his crucial role in bringing about the Dawes Plan"""
182,Richard,Zsigmondy,male,1865-04-01,Austrian Empire (now Austria),Vienna,AT,24/09/1929,Germany,Göttingen,DE,Goettingen University,Göttingen,Germany,1925,182,chemistry,1,"""for his demonstration of the heterogenous nature of colloid solutions and for the methods he used which have since become fundamental in modern colloid chemistry"""
596,George Bernard,Shaw,male,1856-07-26,Ireland,Dublin,IE,02/11/1950,United Kingdom,Ayot St. Lawrence,GB,,,,1925,596,literature,1,"""for his work which is marked by both idealism and humanity its stimulating satire often being infused with a singular poetic beauty"""
491,Gustav,Stresemann,male,1878-05-10,Germany,Berlin,DE,03/10/1929,Germany,Berlin,DE,,,,1926,491,peace,2,"""for their crucial role in bringing about the Locarno Treaty"""
490,Aristide,Briand,male,1862-03-28,France,Nantes,FR,07/03/1932,France,Paris,FR,,,,1926,490,peace,2,"""for their crucial role in bringing about the Locarno Treaty"""
597,Grazia,Deledda,female,1871-09-27,Italy,Nuoro Sardinia,IT,15/08/1936,Italy,Rome,IT,,,,1926,597,literature,1,"""for her idealistically inspired writings which with plastic clarity picture the life on her native island and with depth and sympathy deal with human problems in general"""
316,Johannes,Fibiger,male,1867-04-23,Denmark,Silkeborg,DK,30/01/1928,Denmark,Copenhagen,DK,Copenhagen University,Copenhagen,Denmark,1926,316,medicine,1,"""for his discovery of the Spiroptera carcinoma"""
32,Jean Baptiste,Perrin,male,1870-09-30,France,Lille,FR,17/04/1942,USA,New York NY,US,Sorbonne University,Paris,France,1926,32,physics,1,"""for his work on the discontinuous structure of matter and especially for his discovery of sedimentation equilibrium"""
183,The,Svedberg,male,1884-08-30,Sweden,Fleräng,SE,25/02/1971,Sweden,Örebro,SE,Uppsala University,Uppsala,Sweden,1926,183,chemistry,1,"""for his work on disperse systems"""
600,Henri,Bergson,male,1859-10-18,France,Paris,FR,04/01/1941,France,Paris,FR,,,,1927,600,literature,1,"""in recognition of his rich and vitalizing ideas and the brilliant skill with which they have been presented"""
493,Ludwig,Quidde,male,1858-03-23,Germany,Bremen,DE,04/03/1941,Switzerland,Geneva,CH,,,,1927,493,peace,2,"""for their contribution to the emergence in France and Germany of a public opinion which favours peaceful international cooperation"""
33,Arthur H.,Compton,male,1892-09-10,USA,Wooster OH,US,15/03/1962,USA,Berkeley CA,US,University of Chicago,Chicago IL,USA,1927,33,physics,2,"""for his discovery of the effect named after him"""
34,C.T.R.,Wilson,male,1869-02-14,Scotland,Glencorse,GB,15/11/1959,Scotland,Carlops,GB,University of Cambridge,Cambridge,United Kingdom,1927,34,physics,2,"""for his method of making the paths of electrically charged particles visible by condensation of vapour"""
317,Julius,Wagner-Jauregg,male,1857-03-07,Austria,Wels,AT,27/09/1940,Austria,Vienna,AT,Vienna University,Vienna,Austria,1927,317,medicine,1,"""for his discovery of the therapeutic value of malaria inoculation in the treatment of dementia paralytica"""
184,Heinrich,Wieland,male,1877-06-04,Germany,Pforzheim,DE,05/08/1957,West Germany (now Germany),Munich,DE,Munich University,Munich,Germany,1927,184,chemistry,1,"""for his investigations of the constitution of the bile acids and related substances"""
492,Ferdinand,Buisson,male,1841-12-20,France,Paris,FR,16/02/1932,France,Thieuloy-Saint-Antoine,FR,,,,1927,492,peace,2,"""for their contribution to the emergence in France and Germany of a public opinion which favours peaceful international cooperation"""
318,Charles,Nicolle,male,1866-09-21,France,Rouen,FR,28/02/1936,Tunisia,Tunis,TN,Institut Pasteur,Tunis,Tunisia,1928,318,medicine,1,"""for his work on typhus"""
185,Adolf,Windaus,male,1876-12-25,Germany,Berlin,DE,09/06/1959,West Germany (now Germany),Göttingen,DE,Goettingen University,Göttingen,Germany,1928,185,chemistry,1,"""for the services rendered through his research into the constitution of the sterols and their connection with the vitamins"""
35,Owen Willans,Richardson,male,1879-04-26,United Kingdom,Dewsbury,GB,15/02/1959,United Kingdom,Alton,GB,London University,London,United Kingdom,1928,35,physics,1,"""for his work on the thermionic phenomenon and especially for the discovery of the law named after him"""
601,Sigrid,Undset,female,1882-05-20,Denmark,Kalundborg,DK,10/06/1949,Norway,Lillehammer,NO,,,,1928,601,literature,1,"""principally for her powerful descriptions of Northern life during the Middle Ages"""
186,Arthur,Harden,male,1865-10-12,United Kingdom,Manchester,GB,17/06/1940,United Kingdom,Bourne,GB,London University,London,United Kingdom,1929,186,chemistry,2,"""for their investigations on the fermentation of sugar and fermentative enzymes"""
187,Hans,von Euler-Chelpin,male,1873-02-15,Germany,Augsburg,DE,06/11/1964,Sweden,Stockholm,SE,Stockholm University,Stockholm,Sweden,1929,187,chemistry,2,"""for their investigations on the fermentation of sugar and fermentative enzymes"""
319,Christiaan,Eijkman,male,1858-08-11,the Netherlands,Nijkerk,NL,05/11/1930,the Netherlands,Utrecht,NL,Utrecht University,Utrecht,the Netherlands,1929,319,medicine,2,"""for his discovery of the antineuritic vitamin"""
36,Louis,de Broglie,male,1892-08-15,France,Dieppe,FR,19/03/1987,France,Paris,FR,Sorbonne University Institut Henri Poincaré,Paris,France,1929,36,physics,1,"""for his discovery of the wave nature of electrons"""
602,Thomas,Mann,male,1875-06-06,Germany,Lübeck,DE,12/08/1955,Switzerland,Zurich,CH,,,,1929,602,literature,1,"""principally for his great novel <I>Buddenbrooks</I> which has won steadily increased recognition as one of the classic works of contemporary literature"""
320,Sir Frederick,Hopkins,male,1861-06-20,United Kingdom,Eastbourne,GB,16/05/1947,United Kingdom,Cambridge,GB,University of Cambridge,Cambridge,United Kingdom,1929,320,medicine,2,"""for his discovery of the growth-stimulating vitamins"""
494,Frank B.,Kellogg,male,1856-12-22,USA,Potsdam NY,US,21/12/1937,USA,St. Paul MN,US,,,,1929,494,peace,1,"""for his crucial role in bringing about the Briand-Kellogg Pact"""
603,Sinclair,Lewis,male,1885-02-07,USA,Sauk Centre MN,US,10/01/1951,Italy,Rome,IT,,,,1930,603,literature,1,"""for his vigorous and graphic art of description and his ability to create with wit and humour new types of characters"""
321,Karl,Landsteiner,male,1868-06-14,Austrian Empire (now Austria),Vienna,AT,26/06/1943,USA,New York NY,US,Rockefeller Institute for Medical Research,New York NY,USA,1930,321,medicine,1,"""for his discovery of human blood groups"""
188,Hans,Fischer,male,1881-07-27,Germany,Hoechst,DE,31/03/1945,Germany,Munich,DE,Technische Hochschule (Institute of Technology),Munich,Germany,1930,188,chemistry,1,"""for his researches into the constitution of haemin and chlorophyll and especially for his synthesis of haemin"""
495,Nathan,Söderblom,male,1866-01-15,Sweden,Trönö,SE,12/07/1931,Sweden,Uppsala,SE,,,,1930,495,peace,1,"""for promoting Christian unity and helping create 'that new attitude of mind which is necessary if peace between nations is to become reality'"""
37,Sir Chandrasekhara Venkata,Raman,male,1888-11-07,India,Tiruchirappalli,IN,21/11/1970,India,Bangalore,IN,Calcutta University,Calcutta,India,1930,37,physics,1,"""for his work on the scattering of light and for the discovery of the effect named after him"""
322,Otto,Warburg,male,1883-10-08,Germany,Freiburg im Breisgau,DE,01/08/1970,West Germany (now Germany),West Berlin,DE,Kaiser-Wilhelm-Institut (now Max-Planck-Institut) für Biologie,Berlin-Dahlem,Germany,1931,322,medicine,1,"""for his discovery of the nature and mode of action of the respiratory enzyme"""
189,Carl,Bosch,male,1874-08-27,Germany,Cologne,DE,26/04/1940,Germany,Heidelberg,DE,University of Heidelberg,Heidelberg,Germany,1931,189,chemistry,2,"""in recognition of their contributions to the invention and development of chemical high pressure methods"""
190,Friedrich,Bergius,male,1884-10-11,Germany (now Poland),Goldschmieden near Breslau,PL,30/03/1949,Argentina,Buenos Aires,AR,University of Heidelberg,Heidelberg,Germany,1931,190,chemistry,2,"""in recognition of their contributions to the invention and development of chemical high pressure methods"""
604,Erik Axel,Karlfeldt,male,1864-07-20,Sweden,Karlbo,SE,08/04/1931,Sweden,Stockholm,SE,,,,1931,604,literature,1,"""The poetry of Erik Axel Karlfeldt"""
496,Jane,Addams,female,1860-09-06,USA,Cedarville IL,US,21/05/1935,USA,Chicago IL,US,,,,1931,496,peace,2,"""for their assiduous effort to revive the ideal of peace and to rekindle the spirit of peace in their own nation and in the whole of mankind"""
497,Nicholas Murray,Butler,male,1862-04-02,USA,Elizabeth NJ,US,07/12/1947,USA,New York NY,US,Columbia University,New York NY,USA,1931,497,peace,2,"""for their assiduous effort to revive the ideal of peace and to rekindle the spirit of peace in their own nation and in the whole of mankind"""
324,Edgar,Adrian,male,1889-11-30,United Kingdom,London,GB,08/08/1977,United Kingdom,Cambridge,GB,University of Cambridge,Cambridge,United Kingdom,1932,324,medicine,2,"""for their discoveries regarding the functions of neurons"""
323,Sir Charles,Sherrington,male,1857-11-27,United Kingdom,London,GB,04/03/1952,United Kingdom,Eastbourne,GB,University of Oxford,Oxford,United Kingdom,1932,323,medicine,2,"""for their discoveries regarding the functions of neurons"""
38,Werner,Heisenberg,male,05/12/1901,Germany,Würzburg,DE,01/02/1976,West Germany (now Germany),Munich,DE,Leipzig University,Leipzig,Germany,1932,38,physics,1,"""for the creation of quantum mechanics the application of which has inter alia led to the discovery of the allotropic forms of hydrogen"""
605,John,Galsworthy,male,1867-08-14,United Kingdom,Kingston Hill,GB,31/01/1933,United Kingdom,London,GB,,,,1932,605,literature,1,"""for his distinguished art of narration which takes its highest form in <I>The Forsyte Saga</I>"""
191,Irving,Langmuir,male,1881-01-31,USA,Brooklyn NY,US,16/08/1957,USA,Falmouth MA,US,General Electric Company,Schenectady NY,USA,1932,191,chemistry,1,"""for his discoveries and investigations in surface chemistry"""
40,Paul A.M.,Dirac,male,08/08/1902,United Kingdom,Bristol,GB,20/10/1984,USA,Tallahassee FL,US,University of Cambridge,Cambridge,United Kingdom,1933,40,physics,2,"""for the discovery of new productive forms of atomic theory"""
39,Erwin,Schrödinger,male,1887-08-12,Austria,Vienna,AT,04/01/1961,Austria,Vienna,AT,Berlin University,Berlin,Germany,1933,39,physics,2,"""for the discovery of new productive forms of atomic theory"""
498,Sir Norman,Angell,male,1872-12-26,United Kingdom,Holbeach,GB,07/10/1967,United Kingdom,Croydon,GB,,,,1933,498,peace,1,"""for having exposed by his pen the illusion of war and presented a convincing plea for international cooperation and peace"""
325,Thomas H.,Morgan,male,1866-09-25,USA,Lexington KY,US,04/12/1945,USA,Pasadena CA,US,California Institute of Technology (Caltech),Pasadena CA,USA,1933,325,medicine,1,"""for his discoveries concerning the role played by the chromosome in heredity"""
606,Ivan,Bunin,male,1870-10-22,Russia,Voronezh,RU,08/11/1953,France,Paris,FR,,,,1933,606,literature,1,"""for the strict artistry with which he has carried on the classical Russian traditions in prose writing"""
326,George H.,Whipple,male,1878-08-28,USA,Ashland NH,US,01/02/1976,USA,Rochester NY,US,University of Rochester,Rochester NY,USA,1934,326,medicine,3,"""for their discoveries concerning liver therapy in cases of anaemia"""
192,Harold C.,Urey,male,1893-04-29,USA,Walkerton IN,US,05/01/1981,USA,La Jolla CA,US,Columbia University,New York NY,USA,1934,192,chemistry,1,"""for his discovery of heavy hydrogen"""
607,Luigi,Pirandello,male,1867-06-28,Italy,Agrigento Sicily,IT,10/12/1936,Italy,Rome,IT,,,,1934,607,literature,1,"""for his bold and ingenious revival of dramatic and scenic art"""
327,George R.,Minot,male,1885-12-02,USA,Boston MA,US,25/02/1950,USA,Brookline MA,US,Harvard University,Cambridge MA,USA,1934,327,medicine,3,"""for their discoveries concerning liver therapy in cases of anaemia"""
328,William P.,Murphy,male,1892-02-06,USA,Stoughton WI,US,09/10/1987,USA,Brookline MA,US,Harvard University,Cambridge MA,USA,1934,328,medicine,3,"""for their discoveries concerning liver therapy in cases of anaemia"""
499,Arthur,Henderson,male,1863-09-13,Scotland,Glasgow,GB,20/10/1935,United Kingdom,London,GB,,,,1934,499,peace,1,"""for his untiring struggle and his courageous efforts as Chairman of the League of Nations Disarmament Conference 1931-34"""
193,Frédéric,Joliot,male,19/03/1900,France,Paris,FR,14/08/1958,France,Paris,FR,Institut du Radium,Paris,France,1935,193,chemistry,2,"""in recognition of their synthesis of new radioactive elements"""
194,Irène,Joliot-Curie,female,1897-09-12,France,Paris,FR,17/03/1956,France,Paris,FR,Institut du Radium,Paris,France,1935,194,chemistry,2,"""in recognition of their synthesis of new radioactive elements"""
41,James,Chadwick,male,1891-10-20,United Kingdom,Manchester,GB,24/07/1974,United Kingdom,Cambridge,GB,Liverpool University,Liverpool,United Kingdom,1935,41,physics,1,"""for the discovery of the neutron"""
329,Hans,Spemann,male,1869-06-27,Württemberg (now Germany),Stuttgart,DE,12/09/1941,Germany,Freiburg im Breisgau,DE,University of Freiburg im Breisgau,Breisgau,Germany,1935,329,medicine,1,"""for his discovery of the organizer effect in embryonic development"""
500,Carl,von Ossietzky,male,1889-10-03,Germany,Hamburg,DE,04/05/1938,Germany,Berlin,DE,,,,1935,500,peace,1,"""for his burning love for freedom of thought and expression and his valuable contribution to the cause of peace"""
195,Peter,Debye,male,1884-03-24,the Netherlands,Maastricht,NL,02/11/1966,USA,Ithaca NY,US,Berlin University,Berlin,Germany,1936,195,chemistry,1,"""for his contributions to our knowledge of molecular structure through his investigations on dipole moments and on the diffraction of X-rays and electrons in gases"""
331,Otto,Loewi,male,1873-06-03,Germany,Frankfurt-on-the-Main,DE,25/12/1961,USA,New York NY,US,Graz University,Graz,Austria,1936,331,medicine,2,"""for their discoveries relating to chemical transmission of nerve impulses"""
42,Victor F.,Hess,male,1883-06-24,Austria,Peggau,AT,17/12/1964,USA,Mount Vernon NY,US,Innsbruck University,Innsbruck,Austria,1936,42,physics,2,"""for his discovery of cosmic radiation"""
330,Sir Henry,Dale,male,1875-06-09,United Kingdom,London,GB,23/07/1968,United Kingdom,Cambridge,GB,National Institute for Medical Research,London,United Kingdom,1936,330,medicine,2,"""for their discoveries relating to chemical transmission of nerve impulses"""
43,Carl D.,Anderson,male,03/09/1905,USA,New York NY,US,11/01/1991,USA,San Marino CA,US,California Institute of Technology (Caltech),Pasadena CA,USA,1936,43,physics,2,"""for his discovery of the positron"""
501,Carlos,Saavedra Lamas,male,1878-11-01,Argentina,Buenos Aires,AR,05/05/1959,Argentina,Buenos Aires,AR,,,,1936,501,peace,1,"""for his role as father of the Argentine Antiwar Pact of 1933 which he also used as a means to mediate peace between Paraguay and Bolivia in 1935"""
608,Eugene,O'Neill,male,1888-10-16,USA,New York NY,US,27/11/1953,USA,Boston MA,US,,,,1936,608,literature,1,"""for the power honesty and deep-felt emotions of his dramatic works which embody an original concept of tragedy"""
45,George Paget,Thomson,male,1892-05-03,United Kingdom,Cambridge,GB,10/09/1975,United Kingdom,Cambridge,GB,London University,London,United Kingdom,1937,45,physics,2,"""for their experimental discovery of the diffraction of electrons by crystals"""
332,Albert,Szent-Györgyi,male,1893-09-16,Austria-Hungary (now Hungary),Budapest,HU,22/10/1986,USA,Woods Hole MA,US,Szeged University,Szeged,Hungary,1937,332,medicine,1,"""for his discoveries in connection with the biological combustion processes with special reference to vitamin C and the catalysis of fumaric acid"""
196,Norman,Haworth,male,1883-03-19,United Kingdom,Chorley,GB,19/03/1950,United Kingdom,Birmingham,GB,Birmingham University,Birmingham,United Kingdom,1937,196,chemistry,2,"""for his investigations on carbohydrates and vitamin C"""
44,Clinton,Davisson,male,1881-10-22,USA,Bloomington IL,US,01/02/1958,USA,Charlottesville VA,US,Bell Telephone Laboratories,New York NY,USA,1937,44,physics,2,"""for their experimental discovery of the diffraction of electrons by crystals"""
502,Robert,Cecil,male,1864-09-14,United Kingdom,London,GB,24/11/1958,United Kingdom,Tunbridge Wells,GB,,,,1937,502,peace,1,"""for his tireless effort in support of the League of Nations disarmament and peace"""
609,Roger,Martin du Gard,male,1881-03-23,France,Neuilly-sur-Seine,FR,22/08/1958,France,Bellême,FR,,,,1937,609,literature,1,"""for the artistic power and truth with which he has depicted human conflict as well as some fundamental aspects of contemporary life in his novel-cycle <I>Les Thibault</I>"""
197,Paul,Karrer,male,1889-04-21,Russia,Moscow,RU,18/06/1971,Switzerland,Zurich,CH,University of Zurich,Zurich,Switzerland,1937,197,chemistry,2,"""for his investigations on carotenoids flavins and vitamins A and B2"""
46,Enrico,Fermi,male,29/09/1901,Italy,Rome,IT,28/11/1954,USA,Chicago IL,US,Rome University,Rome,Italy,1938,46,physics,1,"""for his demonstrations of the existence of new radioactive elements produced by neutron irradiation and for his related discovery of nuclear reactions brought about by slow neutrons"""
198,Richard,Kuhn,male,03/12/1900,Austria-Hungary (now Austria),Vienna,AT,31/07/1967,West Germany (now Germany),Heidelberg,DE,Kaiser-Wilhelm-Institut (now Max-Planck Institut) für Medizinische Forschung,Heidelberg,Germany,1938,198,chemistry,1,"""for his work on carotenoids and vitamins"""
333,Corneille,Heymans,male,1892-03-28,Belgium,Ghent,BE,18/07/1968,Belgium,Knokke,BE,Ghent University,Ghent,Belgium,1938,333,medicine,1,"""for the discovery of the role played by the sinus and aortic mechanisms in the regulation of respiration"""
503,Nansen International Office for Refugees,,org,1921-00-00,,,,0000-00-00,,,,,,,1938,503,peace,1,"""for having carried on the work of Fridtjof Nansen to the benefit of refugees across Europe"""
610,Pearl,Buck,female,1892-06-26,USA,Hillsboro WV,US,06/03/1973,USA,Danby VT,US,,,,1938,610,literature,1,"""for her rich and truly epic descriptions of peasant life in China and for her biographical masterpieces"""
334,Gerhard,Domagk,male,1895-10-30,Germany (now Poland),Lagow,PL,24/04/1964,West Germany (now Germany),Burgberg,DE,Munster University,Munster,Germany,1939,334,medicine,1,"""for the discovery of the antibacterial effects of prontosil"""
47,Ernest,Lawrence,male,08/08/1901,USA,Canton SD,US,27/08/1958,USA,Palo Alto CA,US,University of California,Berkeley CA,USA,1939,47,physics,1,"""for the invention and development of the cyclotron and for results obtained with it especially with regard to artificial radioactive elements"""
200,Leopold,Ruzicka,male,1887-09-13,Austria-Hungary (now Croatia),Vukovar,HR,26/09/1976,Switzerland,Zurich,CH,Eidgenössische Technische Hochschule (Swiss Federal Institute of Technology),Zurich,Switzerland,1939,200,chemistry,2,"""for his work on polymethylenes and higher terpenes"""
199,Adolf,Butenandt,male,24/03/1903,Germany,Bremerhaven-Lehe,DE,18/01/1995,Germany,Munich,DE,Kaiser-Wilhelm-Institut (now Max-Planck-Institut) für Biochemie,Berlin-Dahlem,Germany,1939,199,chemistry,2,"""for his work on sex hormones"""
613,Frans Eemil,Sillanpää,male,1888-09-16,Russian Empire (now Finland),Hämeenkyrö,FI,03/06/1964,Finland,Helsinki,FI,,,,1939,613,literature,1,"""for his deep understanding of his country's peasantry and the exquisite art with which he has portrayed their way of life and their relationship with Nature"""
335,Henrik,Dam,male,1895-02-21,Denmark,Copenhagen,DK,17/04/1976,Denmark,Copenhagen,DK,Polytechnic Institute,Copenhagen,Denmark,1943,335,medicine,2,"""for his discovery of vitamin K"""
336,Edward A.,Doisy,male,1893-11-13,USA,Hume IL,US,23/10/1986,USA,St. Louis MO,US,Saint Louis University,St. Louis MO,USA,1943,336,medicine,2,"""for his discovery of the chemical nature of vitamin K"""
201,George,de Hevesy,male,1885-08-01,Austria-Hungary (now Hungary),Budapest,HU,05/07/1966,West Germany (now Germany),Freiburg im Breisgau,DE,Stockholm University,Stockholm,Sweden,1943,201,chemistry,1,"""for his work on the use of isotopes as tracers in the study of chemical processes"""
48,Otto,Stern,male,1888-02-17,Germany (now Poland),Sorau (now Zory),PL,17/08/1969,USA,Berkeley CA,US,Carnegie Institute of Technology,Pittsburgh PA,USA,1943,48,physics,1,"""for his contribution to the development of the molecular ray method and his discovery of the magnetic moment of the proton"""
337,Joseph,Erlanger,male,1874-01-05,USA,San Francisco CA,US,05/12/1965,USA,St. Louis MO,US,Washington University,St. Louis MO,USA,1944,337,medicine,2,"""for their discoveries relating to the highly differentiated functions of single nerve fibres"""
614,Johannes V.,Jensen,male,1873-01-20,Denmark,Farsø,DK,25/11/1950,Denmark,Copenhagen,DK,,,,1944,614,literature,1,"""for the rare strength and fertility of his poetic imagination with which is combined an intellectual curiosity of wide scope and a bold freshly creative style"""
338,Herbert S.,Gasser,male,1888-07-05,USA,Platteville WI,US,11/05/1963,USA,New York NY,US,Rockefeller Institute for Medical Research,New York NY,USA,1944,338,medicine,2,"""for their discoveries relating to the highly differentiated functions of single nerve fibres"""
202,Otto,Hahn,male,1879-03-08,Germany,Frankfurt-on-the-Main,DE,28/07/1968,West Germany (now Germany),Göttingen,DE,Kaiser-Wilhelm-Institut (now Max-Planck Institut) für Chemie,Berlin-Dahlem,Germany,1944,202,chemistry,1,"""for his discovery of the fission of heavy nuclei"""
482,International Committee of the Red Cross,,org,1863-00-00,,,,0000-00-00,,,,,,,1917,482,peace,1,"""for the efforts to take care of wounded soldiers and prisoners of war and their families"""
482,International Committee of the Red Cross,,org,1863-00-00,,,,0000-00-00,,,,,,,1944,482,peace,1,"""for the great work it has performed during the war on behalf of humanity"""
482,International Committee of the Red Cross,,org,1863-00-00,,,,0000-00-00,,,,,,,1963,482,peace,2,"""for promoting the principles of the Geneva Convention and cooperation with the UN"""
49,Isidor Isaac,Rabi,male,1898-07-29,Austria-Hungary (now Poland),Rymanow,PL,11/01/1988,USA,New York NY,US,Columbia University,New York NY,USA,1944,49,physics,1,"""for his resonance method for recording the magnetic properties of atomic nuclei"""
50,Wolfgang,Pauli,male,25/04/1900,Austria,Vienna,AT,15/12/1958,Switzerland,Zurich,CH,Princeton University,Princeton NJ,USA,1945,50,physics,1,"""for the discovery of the Exclusion Principle also called the Pauli Principle"""
615,Gabriela,Mistral,female,1889-04-07,Chile,Vicuña,CL,10/01/1957,USA,Hempstead NY,US,,,,1945,615,literature,1,"""for her lyric poetry which inspired by powerful emotions has made her name a symbol of the idealistic aspirations of the entire Latin American world"""
203,Artturi,Virtanen,male,1895-01-15,Russian Empire (now Finland),Helsinki,FI,11/11/1973,Finland,Helsinki,FI,University of Helsinki,Helsinki,Finland,1945,203,chemistry,1,"""for his research and inventions in agricultural and nutrition chemistry especially for his fodder preservation method"""
505,Cordell,Hull,male,1871-10-02,USA,Olympus TN,US,23/07/1955,USA,Bethesda MD,US,,,,1945,505,peace,1,"""for his indefatigable work for international understanding and his pivotal role in establishing the United Nations"""
339,Sir Alexander,Fleming,male,1881-08-06,Scotland,Lochfield,GB,11/03/1955,United Kingdom,London,GB,London University,London,United Kingdom,1945,339,medicine,3,"""for the discovery of penicillin and its curative effect in various infectious diseases"""
340,Ernst B.,Chain,male,19/06/1906,Germany,Berlin,DE,12/08/1979,Ireland,Mulrany,IE,University of Oxford,Oxford,United Kingdom,1945,340,medicine,3,"""for the discovery of penicillin and its curative effect in various infectious diseases"""
341,Sir Howard,Florey,male,1898-09-24,Australia,Adelaide,AU,21/02/1968,United Kingdom,Oxford,GB,University of Oxford,Oxford,United Kingdom,1945,341,medicine,3,"""for the discovery of penicillin and its curative effect in various infectious diseases"""
507,John R.,Mott,male,1865-05-25,USA,Livingston Manor NY,US,31/01/1955,USA,,US,,,,1946,507,peace,2,"""for his contribution to the creation of a peace-promoting religious brotherhood across national boundaries"""
51,Percy W.,Bridgman,male,1882-04-21,USA,Cambridge MA,US,20/08/1961,USA,Randolph NH,US,Harvard University,Cambridge MA,USA,1946,51,physics,1,"""for the invention of an apparatus to produce extremely high pressures and for the discoveries he made therewith in the field of high pressure physics"""
204,James B.,Sumner,male,1887-11-19,USA,Canton MA,US,12/08/1955,USA,Buffalo NY,US,Cornell University,Ithaca NY,USA,1946,204,chemistry,2,"""for his discovery that enzymes can be crystallized"""
205,John H.,Northrop,male,1891-07-05,USA,Yonkers NY,US,27/05/1987,USA,Wickenberg AZ,US,Rockefeller Institute for Medical Research,Princeton NJ,USA,1946,205,chemistry,4,"""for their preparation of enzymes and virus proteins in a pure form"""
206,Wendell M.,Stanley,male,16/08/1904,USA,Ridgeville IN,US,15/06/1971,Spain,Salamanca,ES,Rockefeller Institute for Medical Research,Princeton NJ,USA,1946,206,chemistry,4,"""for their preparation of enzymes and virus proteins in a pure form"""
342,Hermann J.,Muller,male,1890-12-21,USA,New York NY,US,05/04/1967,USA,Indianapolis IN,US,Indiana University,Bloomington IN,USA,1946,342,medicine,1,"""for the discovery of the production of mutations by means of X-ray irradiation"""
506,Emily Greene,Balch,female,1867-01-08,USA,Jamaica Plain MA (now Boston MA),US,09/01/1961,USA,Cambridge MA,US,,,,1946,506,peace,2,"""for her lifelong work for the cause of peace"""
617,Hermann,Hesse,male,1877-07-02,Germany,Calw,DE,09/08/1962,Switzerland,Montagnola,CH,,,,1946,617,literature,1,"""for his inspired writings which while growing in boldness and penetration exemplify the classical humanitarian ideals and high qualities of style"""
344,Gerty,Cori,female,1896-08-15,Austria-Hungary (now Czech Republic),Prague,CZ,26/10/1957,USA,St. Louis MO,US,Washington University,St. Louis MO,USA,1947,344,medicine,4,"""for their discovery of the course of the catalytic conversion of glycogen"""
345,Bernardo,Houssay,male,1887-04-10,Argentina,Buenos Aires,AR,21/09/1971,Argentina,Buenos Aires,AR,Instituto de Biologia y Medicina Experimental (Institute for Biology and Experimental Medicine),Buenos Aires,Argentina,1947,345,medicine,2,"""for his discovery of the part played by the hormone of the anterior pituitary lobe in the metabolism of sugar"""
52,Edward V.,Appleton,male,1892-09-06,United Kingdom,Bradford,GB,21/04/1965,Scotland,Edinburgh,GB,Department of Scientific and Industrial Research,London,United Kingdom,1947,52,physics,1,"""for his investigations of the physics of the upper atmosphere especially for the discovery of the so-called Appleton layer"""
618,André,Gide,male,1869-11-22,France,Paris,FR,19/02/1951,France,Paris,FR,,,,1947,618,literature,1,"""for his comprehensive and artistically significant writings in which human problems and conditions have been presented with a fearless love of truth and keen psychological insight"""
207,Sir Robert,Robinson,male,1886-09-13,United Kingdom,Rufford near Chesterfield,GB,08/02/1975,United Kingdom,Great Missenden,GB,University of Oxford,Oxford,United Kingdom,1947,207,chemistry,1,"""for his investigations on plant products of biological importance especially the alkaloids"""
508,Friends Service Council,,org,1647-00-00,,,,0000-00-00,,,,,,,1947,508,peace,2,"""for their pioneering work in the international peace movement and compassionate effort to relieve human suffering thereby promoting the fraternity between nations"""
509,American Friends Service Committee,,org,1917-00-00,,,,0000-00-00,,,,,,,1947,509,peace,2,"""for their pioneering work in the international peace movement and compassionate effort to relieve human suffering thereby promoting the fraternity between nations"""
343,Carl,Cori,male,1896-12-05,Austria-Hungary (now Czech Republic),Prague,CZ,20/10/1984,USA,Cambridge MA,US,Washington University,St. Louis MO,USA,1947,343,medicine,4,"""for their discovery of the course of the catalytic conversion of glycogen"""
346,Paul,Müller,male,1899-01-12,Switzerland,Olten,CH,12/10/1965,Switzerland,Basel,CH,Laboratorium der Farben-Fabriken J.R. Geigy A.G. (Laboratory of the J.R. Geigy Dye-Factory Co.),Basel,Switzerland,1948,346,medicine,1,"""for his discovery of the high efficiency of DDT as a contact poison against several arthropods"""
619,T.S.,Eliot,male,1888-09-26,USA,St. Louis MO,US,04/01/1965,United Kingdom,London,GB,,,,1948,619,literature,1,"""for his outstanding pioneer contribution to present-day poetry"""
208,Arne,Tiselius,male,10/08/1902,Sweden,Stockholm,SE,29/10/1971,Sweden,Uppsala,SE,Uppsala University,Uppsala,Sweden,1948,208,chemistry,1,"""for his research on electrophoresis and adsorption analysis especially for his discoveries concerning the complex nature of the serum proteins"""
53,Patrick M.S.,Blackett,male,1897-11-18,United Kingdom,London,GB,13/07/1974,United Kingdom,London,GB,Victoria University,Manchester,United Kingdom,1948,53,physics,1,"""for his development of the Wilson cloud chamber method and his discoveries therewith in the fields of nuclear physics and cosmic radiation"""
348,Egas,Moniz,male,1874-11-29,Portugal,Avanca,PT,13/12/1955,Portugal,Lisbon,PT,University of Lisbon,Lisbon,Portugal,1949,348,medicine,2,"""for his discovery of the therapeutic value of leucotomy in certain psychoses"""
209,William F.,Giauque,male,1895-05-12,Canada,Niagara Falls,CA,28/03/1982,USA,Berkeley CA,US,University of California,Berkeley CA,USA,1949,209,chemistry,1,"""for his contributions in the field of chemical thermodynamics particularly concerning the behaviour of substances at extremely low temperatures"""
347,Walter,Hess,male,1881-03-17,Switzerland,Frauenfeld,CH,12/08/1973,Switzerland,Ascona,CH,University of Zurich,Zurich,Switzerland,1949,347,medicine,2,"""for his discovery of the functional organization of the interbrain as a coordinator of the activities of the internal organs"""
620,William,Faulkner,male,1897-09-25,USA,New Albany MS,US,06/07/1962,USA,Byhalia MS,US,,,,1949,620,literature,1,"""for his powerful and artistically unique contribution to the modern American novel"""
510,John,Boyd Orr,male,1880-09-23,Scotland,Kilmaurs,GB,25/06/1971,Scotland,Edzell,GB,,,,1949,510,peace,1,"""for his lifelong effort to conquer hunger and want thereby helping to remove a major cause of military conflict and war"""
54,Hideki,Yukawa,male,23/01/1907,Japan,Tokyo,JP,08/09/1981,Japan,Kyoto,JP,Columbia University,New York NY,USA,1949,54,physics,1,"""for his prediction of the existence of mesons on the basis of theoretical work on nuclear forces"""
621,Bertrand,Russell,male,1872-05-18,United Kingdom,Trelleck,GB,02/02/1970,United Kingdom,Penrhyndeudraeth,GB,,,,1950,621,literature,1,"""in recognition of his varied and significant writings in which he champions humanitarian ideals and freedom of thought"""
511,Ralph,Bunche,male,07/08/1904,USA,Detroit MI,US,09/12/1971,USA,New York NY,US,Harvard University,Cambridge MA,USA,1950,511,peace,1,"""for his work as mediator in Palestine in 1948-1949"""
351,Philip S.,Hench,male,1896-02-28,USA,Pittsburgh PA,US,30/03/1965,Jamaica,Ocho Rios,JM,Mayo Clinic,Rochester MN,USA,1950,351,medicine,3,"""for their discoveries relating to the hormones of the adrenal cortex their structure and biological effects"""
350,Tadeus,Reichstein,male,1897-07-20,Poland,Wloclawek,PL,01/08/1996,Switzerland,Basel,CH,Basel University,Basel,Switzerland,1950,350,medicine,3,"""for their discoveries relating to the hormones of the adrenal cortex their structure and biological effects"""
349,Edward C.,Kendall,male,1886-03-08,USA,South Norwalk CT,US,04/05/1972,USA,Princeton NJ,US,Mayo Clinic,Rochester MN,USA,1950,349,medicine,3,"""for their discoveries relating to the hormones of the adrenal cortex their structure and biological effects"""
211,Kurt,Alder,male,10/07/1902,Prussia (now Poland),Königshütte (now Chorzów),PL,20/06/1958,West Germany (now Germany),Cologne,DE,Cologne University,Cologne,Germany,1950,211,chemistry,2,"""for their discovery and development of the diene synthesis"""
55,Cecil,Powell,male,05/12/1903,United Kingdom,Tonbridge,GB,09/08/1969,Italy,,IT,Bristol University,Bristol,United Kingdom,1950,55,physics,1,"""for his development of the photographic method of studying nuclear processes and his discoveries regarding mesons made with this method"""
210,Otto,Diels,male,1876-01-23,Germany,Hamburg,DE,07/03/1954,West Germany (now Germany),Kiel,DE,Kiel University,Kiel,Germany,1950,210,chemistry,2,"""for their discovery and development of the diene synthesis"""
512,Léon,Jouhaux,male,1879-07-01,France,Paris,FR,28/04/1954,France,Paris,FR,,,,1951,512,peace,1,"""for having devoted his life to the fight against war through the promotion of social justice and brotherhood among men and nations"""
622,Pär,Lagerkvist,male,1891-05-23,Sweden,Växjö,SE,11/07/1974,Sweden,Stockholm,SE,,,,1951,622,literature,1,"""for the artistic vigour and true independence of mind with which he endeavours in his poetry to find answers to the eternal questions confronting mankind"""
57,Ernest T.S.,Walton,male,06/10/1903,Ireland,Dungarvan,IE,25/06/1995,Northern Ireland,Belfast,GB,Trinity College,Dublin,Ireland,1951,57,physics,2,"""for their pioneer work on the transmutation of atomic nuclei by artificially accelerated atomic particles"""
56,John,Cockcroft,male,1897-05-27,United Kingdom,Todmorden,GB,18/09/1967,United Kingdom,Cambridge,GB,Atomic Energy Research Establishment,Harwell Berkshire,United Kingdom,1951,56,physics,2,"""for their pioneer work on the transmutation of atomic nuclei by artificially accelerated atomic particles"""
212,Edwin M.,McMillan,male,18/09/1907,USA,Redondo Beach CA,US,07/09/1991,USA,El Cerrito CA,US,University of California,Berkeley CA,USA,1951,212,chemistry,2,"""for their discoveries in the chemistry of the transuranium elements"""
352,Max,Theiler,male,1899-01-30,South Africa,Pretoria,ZA,11/08/1972,USA,New Haven CT,US,Laboratories of the Division of Medicine and Public Health Rockefeller Foundation,New York NY,USA,1951,352,medicine,1,"""for his discoveries concerning yellow fever and how to combat it"""
213,Glenn T.,Seaborg,male,19/04/1912,USA,Ishpeming MI,US,25/02/1999,USA,Lafayette CA,US,University of California,Berkeley CA,USA,1951,213,chemistry,2,"""for their discoveries in the chemistry of the transuranium elements"""
58,Felix,Bloch,male,23/10/1905,Switzerland,Zurich,CH,10/09/1983,Switzerland,Zurich,CH,Stanford University,Stanford CA,USA,1952,58,physics,2,"""for their development of new methods for nuclear magnetic precision measurements and discoveries in connection therewith"""
215,Richard L.M.,Synge,male,28/10/1914,United Kingdom,Liverpool,GB,18/08/1994,United Kingdom,Norwich,GB,Rowett Research Institute,Bucksburn (Scotland),United Kingdom,1952,215,chemistry,2,"""for their invention of partition chromatography"""
513,Albert,Schweitzer,male,1875-01-14,Germany (now France),Kaysersberg,FR,04/09/1965,Gabon,Lambaréné,GA,,,,1952,513,peace,1,"""for his altruism reverence for life and tireless humanitarian work which has helped making the idea of brotherhood between men and nations a living one"""
353,Selman A.,Waksman,male,1888-07-22,Russian Empire (now Ukraine),Priluka (now Nova Pryluka),UA,16/08/1973,USA,Hyannis MA,US,Rutgers University,New Brunswick NJ,USA,1952,353,medicine,1,"""for his discovery of streptomycin the first antibiotic effective against tuberculosis"""
214,Archer J.P.,Martin,male,01/03/1910,United Kingdom,London,GB,28/07/2002,United Kingdom,Llangarron,GB,National Institute for Medical Research,London,United Kingdom,1952,214,chemistry,2,"""for their invention of partition chromatography"""
59,E. M.,Purcell,male,30/08/1912,USA,Taylorville IL,US,07/03/1997,USA,Cambridge MA,US,Harvard University,Cambridge MA,USA,1952,59,physics,2,"""for their development of new methods for nuclear magnetic precision measurements and discoveries in connection therewith"""
623,François,Mauriac,male,1885-10-11,France,Bordeaux,FR,01/09/1970,France,Paris,FR,,,,1952,623,literature,1,"""for the deep spiritual insight and the artistic intensity with which he has in his novels penetrated the drama of human life"""
514,George C.,Marshall,male,1880-12-31,USA,Uniontown PA,US,16/10/1959,USA,Washington D.C.,US,,,,1953,514,peace,1,"""for proposing and supervising the plan for the economic recovery of Europe"""
354,Hans,Krebs,male,25/08/1900,Germany,Hildesheim,DE,22/11/1981,United Kingdom,Oxford,GB,Sheffield University,Sheffield,United Kingdom,1953,354,medicine,2,"""for his discovery of the citric acid cycle"""
355,Fritz,Lipmann,male,1899-06-12,Germany (now Russia),Koenigsberg (now Kaliningrad),RU,24/07/1986,USA,Poughkeepsie NY,US,Harvard Medical School,Boston MA,USA,1953,355,medicine,2,"""for his discovery of co-enzyme A and its importance for intermediary metabolism"""
60,Frits,Zernike,male,1888-07-16,the Netherlands,Amsterdam,NL,10/03/1966,the Netherlands,Groningen,NL,Groningen University,Groningen,the Netherlands,1953,60,physics,1,"""for his demonstration of the phase contrast method especially for his invention of the phase contrast microscope"""
216,Hermann,Staudinger,male,1881-03-23,Germany,Worms,DE,08/09/1965,West Germany (now Germany),Freiburg im Breisgau,DE,University of Freiburg,Breisgau,Germany,1953,216,chemistry,1,"""for his discoveries in the field of macromolecular chemistry"""
624,Winston,Churchill,male,1874-11-30,United Kingdom,Woodstock,GB,24/01/1965,United Kingdom,London,GB,,,,1953,624,literature,1,"""for his mastery of historical and biographical description as well as for brilliant oratory in defending exalted human values"""
356,John F.,Enders,male,1897-02-10,USA,West Hartford CT,US,08/09/1985,USA,Waterford CT,US,Harvard Medical School,Boston MA,USA,1954,356,medicine,3,"""for their discovery of the ability of poliomyelitis viruses to grow in cultures of various types of tissue"""
357,Thomas H.,Weller,male,15/06/1915,USA,Ann Arbor MI,US,23/08/2008,USA,Needham MA,US,Research Division of Infectious Diseases Children's Medical Center,Boston MA,USA,1954,357,medicine,3,"""for their discovery of the ability of poliomyelitis viruses to grow in cultures of various types of tissue"""
358,Frederick C.,Robbins,male,25/08/1916,USA,Auburn AL,US,04/08/2003,USA,Cleveland OH,US,Western Reserve University,Cleveland OH,USA,1954,358,medicine,3,"""for their discovery of the ability of poliomyelitis viruses to grow in cultures of various types of tissue"""
217,Linus,Pauling,male,28/02/1901,USA,Portland OR,US,19/08/1994,USA,Big Sur CA,US,California Institute of Technology (Caltech),Pasadena CA,USA,1954,217,chemistry,1,"""for his research into the nature of the chemical bond and its application to the elucidation of the structure of complex substances"""
217,Linus,Pauling,male,28/02/1901,USA,Portland OR,US,19/08/1994,USA,Big Sur CA,US,California Institute of Technology (Caltech),Pasadena CA,USA,1962,217,peace,1,"""for his fight against the nuclear arms race between East and West"""
61,Max,Born,male,1882-12-11,Germany (now Poland),Breslau (now Wroclaw),PL,05/01/1970,West Germany (now Germany),Göttingen,DE,Edinburgh University,Edinburgh,United Kingdom,1954,61,physics,2,"""for his fundamental research in quantum mechanics especially for his statistical interpretation of the wavefunction"""
62,Walther,Bothe,male,1891-01-08,Germany,Oranienburg,DE,08/02/1957,West Germany (now Germany),Heidelberg,DE,University of Heidelberg,Heidelberg,Germany,1954,62,physics,2,"""for the coincidence method and his discoveries made therewith"""
625,Ernest,Hemingway,male,1899-07-21,USA,Oak Park IL,US,02/07/1961,USA,Ketchum ID,US,,,,1954,625,literature,1,"""for his mastery of the art of narrative most recently demonstrated in <I>The Old Man and the Sea</I> and for the influence that he has exerted on contemporary style"""
515,Office of the United Nations High Commissioner for Refugees,,org,14/12/1950,,,,0000-00-00,,,,,,,1954,515,peace,1,"""for its efforts to heal the wounds of war by providing help and protection to refugees all over the world"""
515,Office of the United Nations High Commissioner for Refugees,,org,14/12/1950,,,,0000-00-00,,,,,,,1981,515,peace,1,"""for promoting the fundamental rights of refugees"""
626,Halldór,Laxness,male,23/04/1902,Iceland,Reykjavik,IS,08/02/1998,Iceland,Reykjavik,IS,,,,1955,626,literature,1,"""for his vivid epic power which has renewed the great narrative art of Iceland"""
64,Polykarp,Kusch,male,26/01/1911,Germany,Blankenburg,DE,20/03/1993,USA,Dallas TX,US,Columbia University,New York NY,USA,1955,64,physics,2,"""for his precision determination of the magnetic moment of the electron"""
63,Willis E.,Lamb,male,12/07/1913,USA,Los Angeles CA,US,15/05/2008,USA,Tucson AZ,US,Stanford University,Stanford CA,USA,1955,63,physics,2,"""for his discoveries concerning the fine structure of the hydrogen spectrum"""
359,Hugo,Theorell,male,06/07/1903,Sweden,Linköping,SE,15/08/1982,Sweden,Stockholm,SE,Karolinska Institutet Nobel Medical Institute,Stockholm,Sweden,1955,359,medicine,1,"""for his discoveries concerning the nature and mode of action of oxidation enzymes"""
218,Vincent,du Vigneaud,male,18/05/1901,USA,Chicago IL,US,11/12/1978,USA,White Plains NY,US,Cornell University,Ithaca NY,USA,1955,218,chemistry,1,"""for his work on biochemically important sulphur compounds especially for the first synthesis of a polypeptide hormone"""
361,Werner,Forssmann,male,29/08/1904,Germany,Berlin,DE,01/06/1979,West Germany (now Germany),Schopfheim,DE,Mainz University,Mainz,Germany,1956,361,medicine,3,"""for their discoveries concerning heart catheterization and pathological changes in the circulatory system"""
360,André F.,Cournand,male,1895-09-24,France,Paris,FR,19/02/1988,USA,Great Barrington MA,US,Columbia University Division Cardio-Pulmonary Laboratory Bellevue Hospital,New York NY,USA,1956,360,medicine,3,"""for their discoveries concerning heart catheterization and pathological changes in the circulatory system"""
67,Walter H.,Brattain,male,10/02/1902,China,Amoy,CN,13/10/1987,USA,Seattle WA,US,Bell Telephone Laboratories,Murray Hill NJ,USA,1956,67,physics,3,"""for their researches on semiconductors and their discovery of the transistor effect"""
220,Nikolay,Semenov,male,1896-04-03,Russia,Saratov,RU,25/09/1986,USSR (now Russia),Moscow,RU,Institute for Chemical Physics of the Academy of Sciences of the USSR,Moscow,USSR (now Russia),1956,220,chemistry,2,"""for their researches into the mechanism of chemical reactions"""
219,Sir Cyril,Hinshelwood,male,1897-05-19,United Kingdom,London,GB,09/10/1967,United Kingdom,London,GB,University of Oxford,Oxford,United Kingdom,1956,219,chemistry,2,"""for their researches into the mechanism of chemical reactions"""
66,John,Bardeen,male,23/05/1908,USA,Madison WI,US,30/01/1991,USA,Boston MA,US,University of Illinois,Urbana IL,USA,1956,66,physics,3,"""for their researches on semiconductors and their discovery of the transistor effect"""
66,John,Bardeen,male,23/05/1908,USA,Madison WI,US,30/01/1991,USA,Boston MA,US,University of Illinois,Urbana IL,USA,1972,66,physics,3,"""for their jointly developed theory of superconductivity usually called the BCS-theory"""
65,William B.,Shockley,male,13/02/1910,United Kingdom,London,GB,12/08/1989,USA,Palo Alto CA,US,Semiconductor Laboratory of Beckman Instruments Inc.,Mountain View CA,USA,1956,65,physics,3,"""for their researches on semiconductors and their discovery of the transistor effect"""
362,Dickinson W.,Richards,male,1895-10-30,USA,Orange NJ,US,23/02/1973,USA,Lakeville CT,US,Columbia University,New York NY,USA,1956,362,medicine,3,"""for their discoveries concerning heart catheterization and pathological changes in the circulatory system"""
627,Juan Ramón,Jiménez,male,1881-12-24,Spain,Moguer,ES,29/05/1958,Puerto Rico,San Juan,PR,,,,1956,627,literature,1,"""for his lyrical poetry which in Spanish language constitutes an example of high spirit and artistical purity"""
68,Chen Ning,Yang,male,22/09/1922,China,Hofei Anhwei,CN,0000-00-00,,,,Institute for Advanced Study,Princeton NJ,USA,1957,68,physics,2,"""for their penetrating investigation of the so-called parity laws which has led to important discoveries regarding the elementary particles"""
516,Lester Bowles,Pearson,male,1897-04-23,Canada,Toronto,CA,27/12/1972,Canada,Ottawa,CA,,,,1957,516,peace,1,"""for his crucial contribution to the deployment of a United Nations Emergency Force in the wake of the Suez Crisis"""
221,Lord,Todd,male,02/10/1907,Scotland,Glasgow,GB,10/01/1997,United Kingdom,Cambridge,GB,University of Cambridge,Cambridge,United Kingdom,1957,221,chemistry,1,"""for his work on nucleotides and nucleotide co-enzymes"""
69,Tsung-Dao,Lee,male,24/11/1926,China,Shanghai,CN,0000-00-00,,,,Columbia University,New York NY,USA,1957,69,physics,2,"""for their penetrating investigation of the so-called parity laws which has led to important discoveries regarding the elementary particles"""
628,Albert,Camus,male,07/11/1913,French Algeria (now Algeria),Mondovi,DZ,04/01/1960,France,Sens,FR,,,,1957,628,literature,1,"""for his important literary production which with clear-sighted earnestness illuminates the problems of the human conscience in our times"""
363,Daniel,Bovet,male,23/03/1907,Switzerland,Neuchâtel,CH,08/04/1992,Italy,Rome,IT,Istituto Superiore di Sanità (Chief Institute of Public Health),Rome,Italy,1957,363,medicine,1,"""for his discoveries relating to synthetic compounds that inhibit the action of certain body substances and especially their action on the vascular system and the skeletal muscles"""
222,Frederick,Sanger,male,13/08/1918,United Kingdom,Rendcombe,GB,19/11/2013,United Kingdom,Cambridge,GB,University of Cambridge,Cambridge,United Kingdom,1958,222,chemistry,1,"""for his work on the structure of proteins especially that of insulin"""
222,Frederick,Sanger,male,13/08/1918,United Kingdom,Rendcombe,GB,19/11/2013,United Kingdom,Cambridge,GB,University of Cambridge,Cambridge,United Kingdom,1980,222,chemistry,4,"""for their contributions concerning the determination of base sequences in nucleic acids"""
517,Georges,Pire,male,10/02/1910,Belgium,Dinant,BE,30/01/1969,Belgium,Leuven,BE,,,,1958,517,peace,1,"""for his efforts to help refugees to leave their camps and return to a life of freedom and dignity"""
365,Edward,Tatum,male,14/12/1909,USA,Boulder CO,US,05/11/1975,USA,New York NY,US,Rockefeller Institute for Medical Research,New York NY,USA,1958,365,medicine,4,"""for their discovery that genes act by regulating definite chemical events"""
366,Joshua,Lederberg,male,23/05/1925,USA,Montclair NJ,US,02/02/2008,USA,New York NY,US,University of Wisconsin,Madison WI,USA,1958,366,medicine,2,"""for his discoveries concerning genetic recombination and the organization of the genetic material of bacteria"""
629,Boris,Pasternak,male,1890-02-10,Russia,Moscow,RU,30/05/1960,Russia,Peredelkino,RU,,,,1958,629,literature,1,"""for his important achievement both in contemporary lyrical poetry and in the field of the great Russian epic tradition"""
721,Il´ja M.,Frank,male,23/10/1908,Russia,Leningrad (now St. Petersburg),RU,22/06/1990,USSR (now Russia),Moscow,RU,Lomonosov Moscow State University,Moscow,USSR (now Russia),1958,721,physics,3,"""for the discovery and the interpretation of the Cherenkov effect"""
71,Igor Y.,Tamm,male,1895-07-08,Russia,Vladivostok,RU,12/04/1971,USSR (now Russia),Moscow,RU,Lomonosov Moscow State University,Moscow,USSR (now Russia),1958,71,physics,3,"""for the discovery and the interpretation of the Cherenkov effect"""
70,Pavel A.,Cherenkov,male,28/07/1904,Russia,Novaya Chigla,RU,06/01/1990,USSR (now Russia),,RU,P.N. Lebedev Physical Institute,Moscow,USSR (now Russia),1958,70,physics,3,"""for the discovery and the interpretation of the Cherenkov effect"""
364,George,Beadle,male,22/10/1903,USA,Wahoo NE,US,09/06/1989,USA,Pomona CA,US,California Institute of Technology (Caltech),Pasadena CA,USA,1958,364,medicine,4,"""for their discovery that genes act by regulating definite chemical events"""
368,Arthur,Kornberg,male,03/03/1918,USA,Brooklyn NY,US,26/10/2007,USA,Stanford CA,US,Stanford University,Stanford CA,USA,1959,368,medicine,2,"""for their discovery of the mechanisms in the biological synthesis of ribonucleic acid and deoxyribonucleic acid"""
223,Jaroslav,Heyrovsky,male,1890-12-20,Austria-Hungary (now Czech Republic),Prague,CZ,27/03/1967,Czechoslovakia (now Czech Republic),Prague,CZ,Polarographic Institute of the Czechoslovak Academy of Science,Prague,Czechoslovakia (now Czech Republic),1959,223,chemistry,1,"""for his discovery and development of the polarographic methods of analysis"""
73,Owen,Chamberlain,male,10/07/1920,USA,San Francisco CA,US,28/02/2006,USA,Berkeley CA,US,University of California,Berkeley CA,USA,1959,73,physics,2,"""for their discovery of the antiproton"""
72,Emilio,Segrè,male,01/02/1905,Italy,Tivoli,IT,22/04/1989,USA,Lafayette CA,US,University of California,Berkeley CA,USA,1959,72,physics,2,"""for their discovery of the antiproton"""
367,Severo,Ochoa,male,24/09/1905,Spain,Luarca,ES,01/11/1993,Spain,Madrid,ES,New York University College of Medicine,New York NY,USA,1959,367,medicine,2,"""for their discovery of the mechanisms in the biological synthesis of ribonucleic acid and deoxyribonucleic acid"""
518,Philip,Noel-Baker,male,1889-11-01,United Kingdom,London,GB,08/10/1982,United Kingdom,London,GB,,,,1959,518,peace,1,"""for his longstanding contribution to the cause of disarmament and peace"""
630,Salvatore,Quasimodo,male,20/08/1901,Italy,Modica,IT,14/06/1968,Italy,Naples,IT,,,,1959,630,literature,1,"""for his lyrical poetry which with classical fire expresses the tragic experience of life in our own times"""
370,Peter,Medawar,male,28/02/1915,Brazil,Rio de Janeiro,BR,02/10/1987,United Kingdom,London,GB,University College,London,United Kingdom,1960,370,medicine,2,"""for discovery of acquired immunological tolerance"""
74,Donald A.,Glaser,male,21/09/1926,USA,Cleveland OH,US,28/02/2013,USA,Berkeley CA,US,University of California,Berkeley CA,USA,1960,74,physics,1,"""for the invention of the bubble chamber"""
369,Sir Frank Macfarlane,Burnet,male,1899-09-03,Australia,Traralgon,AU,31/08/1985,Australia,Melbourne,AU,Walter and Eliza Hall Institute for Medical Research,Melbourne,Australia,1960,369,medicine,2,"""for discovery of acquired immunological tolerance"""
631,Saint-John,Perse,male,1887-05-31,Guadeloupe Island,Pointe-à-Pitre,GP,20/09/1975,France,Presqu'île-de-Giens,FR,,,,1960,631,literature,1,"""for the soaring flight and the evocative imagery of his poetry which in a visionary fashion reflects the conditions of our time"""
519,Albert,Lutuli,male,1898-00-00,Southern Rhodesia (now Zimbabwe),Bulawayo,ZW,21/07/1967,South Africa,Stanger,ZA,,,,1960,519,peace,1,"""for his non-violent struggle against apartheid"""
224,Willard F.,Libby,male,17/12/1908,USA,Grand Valley CO,US,08/09/1980,USA,Los Angeles CA,US,University of California,Los Angeles CA,USA,1960,224,chemistry,1,"""for his method to use carbon-14 for age determination in archaeology geology geophysics and other branches of science"""
76,Rudolf,Mössbauer,male,31/01/1929,Germany,Munich,DE,14/09/2011,,,,Technical University,Munich,Germany,1961,76,physics,2,"""for his researches concerning the resonance absorption of gamma radiation and his discovery in this connection of the effect which bears his name"""
520,Dag,Hammarskjöld,male,29/07/1905,Sweden,Jönköping,SE,18/09/1961,Northern Rhodesia (now Zambia),Ndola,ZM,,,,1961,520,peace,1,"""for developing the UN into an effective and constructive international organization capable of giving life to the principles and aims expressed in the UN Charter"""
371,Georg,von Békésy,male,1899-06-03,Hungary,Budapest,HU,13/06/1972,USA,Honolulu HI,US,Harvard University,Cambridge MA,USA,1961,371,medicine,1,"""for his discoveries of the physical mechanism of stimulation within the cochlea"""
633,Ivo,Andric,male,1892-10-10,Bosnia (now Bosnia and Herzegovina),Dolac,BA,13/03/1975,Yugoslavia (now Serbia),Belgrade,RS,,,,1961,633,literature,1,"""for the epic force with which he has traced themes and depicted human destinies drawn from the history of his country"""
225,Melvin,Calvin,male,08/04/1911,USA,St. Paul MN,US,08/01/1997,USA,Berkeley CA,US,University of California,Berkeley CA,USA,1961,225,chemistry,1,"""for his research on the carbon dioxide assimilation in plants"""
75,Robert,Hofstadter,male,05/02/1915,USA,New York NY,US,17/11/1990,USA,Stanford CA,US,Stanford University,Stanford CA,USA,1961,75,physics,2,"""for his pioneering studies of electron scattering in atomic nuclei and for his thereby achieved discoveries concerning the structure of the nucleons"""
374,Maurice,Wilkins,male,15/12/1916,New Zealand,Pongaroa,NZ,05/10/2004,United Kingdom,London,GB,London University,London,United Kingdom,1962,374,medicine,3,"""for their discoveries concerning the molecular structure of nucleic acids and its significance for information transfer in living material"""
373,James,Watson,male,06/04/1928,USA,Chicago IL,US,0000-00-00,,,,Harvard University,Cambridge MA,USA,1962,373,medicine,3,"""for their discoveries concerning the molecular structure of nucleic acids and its significance for information transfer in living material"""
372,Francis,Crick,male,08/06/1916,United Kingdom,Northampton,GB,28/07/2004,USA,San Diego CA,US,MRC Laboratory of Molecular Biology,Cambridge,United Kingdom,1962,372,medicine,3,"""for their discoveries concerning the molecular structure of nucleic acids and its significance for information transfer in living material"""
217,Linus,Pauling,male,28/02/1901,USA,Portland OR,US,19/08/1994,USA,Big Sur CA,US,California Institute of Technology (Caltech),Pasadena CA,USA,1954,217,chemistry,1,"""for his research into the nature of the chemical bond and its application to the elucidation of the structure of complex substances"""
217,Linus,Pauling,male,28/02/1901,USA,Portland OR,US,19/08/1994,USA,Big Sur CA,US,California Institute of Technology (Caltech),Pasadena CA,USA,1962,217,peace,1,"""for his fight against the nuclear arms race between East and West"""
227,John C.,Kendrew,male,24/03/1917,United Kingdom,Oxford,GB,23/08/1997,United Kingdom,Cambridge,GB,MRC Laboratory of Molecular Biology,Cambridge,United Kingdom,1962,227,chemistry,2,"""for their studies of the structures of globular proteins"""
226,Max F.,Perutz,male,19/05/1914,Austria,Vienna,AT,06/02/2002,United Kingdom,Cambridge,GB,MRC Laboratory of Molecular Biology,Cambridge,United Kingdom,1962,226,chemistry,2,"""for their studies of the structures of globular proteins"""
77,Lev,Landau,male,22/01/1908,Russian Empire (now Azerbaijan),Baku,AZ,01/04/1968,USSR (now Russia),Moscow,RU,Academy of Sciences,Moscow,USSR (now Russia),1962,77,physics,1,"""for his pioneering theories for condensed matter especially liquid helium"""
634,John,Steinbeck,male,27/02/1902,USA,Salinas CA,US,20/12/1968,USA,New York NY,US,,,,1962,634,literature,1,"""for his realistic and imaginative writings combining as they do sympathetic humour and keen social perception"""
377,Andrew,Huxley,male,22/11/1917,United Kingdom,Hampstead,GB,30/05/2012,United Kingdom,Grantchester,GB,University College,London,United Kingdom,1963,377,medicine,3,"""for their discoveries concerning the ionic mechanisms involved in excitation and inhibition in the peripheral and central portions of the nerve cell membrane"""
376,Alan,Hodgkin,male,05/02/1914,United Kingdom,Banbury,GB,20/12/1998,United Kingdom,Cambridge,GB,University of Cambridge,Cambridge,United Kingdom,1963,376,medicine,3,"""for their discoveries concerning the ionic mechanisms involved in excitation and inhibition in the peripheral and central portions of the nerve cell membrane"""
375,Sir John,Eccles,male,27/01/1903,Australia,Melbourne,AU,02/05/1997,Switzerland,Contra,CH,Australian National University,Canberra,Australia,1963,375,medicine,3,"""for their discoveries concerning the ionic mechanisms involved in excitation and inhibition in the peripheral and central portions of the nerve cell membrane"""
80,J. Hans D.,Jensen,male,25/06/1907,Germany,Hamburg,DE,11/02/1973,West Germany (now Germany),Heidelberg,DE,University of Heidelberg,Heidelberg,Germany,1963,80,physics,4,"""for their discoveries concerning nuclear shell structure"""
78,Eugene,Wigner,male,17/11/1902,Austria-Hungary (now Hungary),Budapest,HU,01/01/1995,USA,Princeton NJ,US,Princeton University,Princeton NJ,USA,1963,78,physics,2,"""for his contributions to the theory of the atomic nucleus and the elementary particles particularly through the discovery and application of fundamental symmetry principles"""
482,International Committee of the Red Cross,,org,1863-00-00,,,,0000-00-00,,,,,,,1917,482,peace,1,"""for the efforts to take care of wounded soldiers and prisoners of war and their families"""
482,International Committee of the Red Cross,,org,1863-00-00,,,,0000-00-00,,,,,,,1944,482,peace,1,"""for the great work it has performed during the war on behalf of humanity"""
482,International Committee of the Red Cross,,org,1863-00-00,,,,0000-00-00,,,,,,,1963,482,peace,2,"""for promoting the principles of the Geneva Convention and cooperation with the UN"""
523,League of Red Cross Societies,,org,1919-00-00,,,,0000-00-00,,,,,,,1963,523,peace,2,"""for promoting the principles of the Geneva Convention and cooperation with the UN"""
635,Giorgos,Seferis,male,13/03/1900,Ottoman Empire (now Turkey),Smyrna (now Izmir),TR,20/09/1971,Greece,Athens,GR,,,,1963,635,literature,1,"""for his eminent lyrical writing inspired by a deep feeling for the Hellenic world of culture"""
79,Maria,Goeppert Mayer,female,28/06/1906,Germany (now Poland),Kattowitz (now Katowice),PL,20/02/1972,USA,San Diego CA,US,University of California,San Diego CA,USA,1963,79,physics,4,"""for their discoveries concerning nuclear shell structure"""
228,Karl,Ziegler,male,1898-11-26,Germany,Helsa,DE,12/08/1973,West Germany (now Germany),Mülheim,DE,Max-Planck-Institut für Kohlenforschung,Mülheim an der Ruhr,Germany,1963,228,chemistry,2,"""for their discoveries in the field of the chemistry and technology of high polymers"""
229,Giulio,Natta,male,26/02/1903,Italy,Imperia,IT,02/05/1979,Italy,Bergamo,IT,Institute of Technology,Milan,Italy,1963,229,chemistry,2,"""for their discoveries in the field of the chemistry and technology of high polymers"""
82,Nicolay G.,Basov,male,14/12/1922,USSR (now Russia),Usman,RU,01/07/2001,Russia,Moscow,RU,P.N. Lebedev Physical Institute,Moscow,USSR (now Russia),1964,82,physics,4,"""for fundamental work in the field of quantum electronics which has led to the construction of oscillators and amplifiers based on the maser-laser principle"""
637,Jean-Paul,Sartre,male,21/06/1905,France,Paris,FR,15/04/1980,France,Paris,FR,,,,1964,637,literature,1,"""for his work which rich in ideas and filled with the spirit of freedom and the quest for truth has exerted a far-reaching influence on our age"""
524,Martin Luther,King Jr.,male,15/01/1929,USA,Atlanta GA,US,04/04/1968,USA,Memphis TN,US,,,,1964,524,peace,1,"""for his non-violent struggle for civil rights for the Afro-American population"""
83,Aleksandr M.,Prokhorov,male,11/07/1916,Australia,Atherton,AU,08/01/2002,Russia,Moscow,RU,P.N. Lebedev Physical Institute,Moscow,USSR (now Russia),1964,83,physics,4,"""for fundamental work in the field of quantum electronics which has led to the construction of oscillators and amplifiers based on the maser-laser principle"""
379,Feodor,Lynen,male,06/04/1911,Germany,Munich,DE,06/08/1979,Germany,Munich,DE,Max-Planck-Institut für Zellchemie,Munich,Germany,1964,379,medicine,2,"""for their discoveries concerning the mechanism and regulation of the cholesterol and fatty acid metabolism"""
81,Charles H.,Townes,male,28/07/1915,USA,Greenville SC,US,27/01/2015,USA,Berkeley CA,US,Massachusetts Institute of Technology (MIT),Cambridge MA,USA,1964,81,physics,2,"""for fundamental work in the field of quantum electronics which has led to the construction of oscillators and amplifiers based on the maser-laser principle"""
378,Konrad,Bloch,male,21/01/1912,Germany (now Poland),Neisse (now Nysa),PL,15/10/2000,USA,Burlington MA,US,Harvard University,Cambridge MA,USA,1964,378,medicine,2,"""for their discoveries concerning the mechanism and regulation of the cholesterol and fatty acid metabolism"""
230,Dorothy Crowfoot,Hodgkin,female,12/05/1910,Egypt,Cairo,EG,29/07/1994,United Kingdom,Shipston-on-Stour,GB,University of Oxford Royal Society,Oxford,United Kingdom,1964,230,chemistry,1,"""for her determinations by X-ray techniques of the structures of important biochemical substances"""
231,Robert B.,Woodward,male,10/04/1917,USA,Boston MA,US,08/07/1979,USA,Cambridge MA,US,Harvard University,Cambridge MA,USA,1965,231,chemistry,1,"""for his outstanding achievements in the art of organic synthesis"""
380,François,Jacob,male,17/06/1920,France,Nancy,FR,19/04/2013,France,Paris,FR,Institut Pasteur,Paris,France,1965,380,medicine,3,"""for their discoveries concerning genetic control of enzyme and virus synthesis"""
381,André,Lwoff,male,08/05/1902,France,Ainay-le-Château,FR,30/09/1994,France,Paris,FR,Institut Pasteur,Paris,France,1965,381,medicine,3,"""for their discoveries concerning genetic control of enzyme and virus synthesis"""
382,Jacques,Monod,male,09/02/1910,France,Paris,FR,31/05/1976,France,Cannes,FR,Institut Pasteur,Paris,France,1965,382,medicine,3,"""for their discoveries concerning genetic control of enzyme and virus synthesis"""
525,United Nations Children's Fund,,org,1946-00-00,,,,0000-00-00,,,,,,,1965,525,peace,1,"""for its effort to enhance solidarity between nations and reduce the difference between rich and poor states"""
84,Sin-Itiro,Tomonaga,male,31/03/1906,Japan,Kyoto,JP,08/07/1979,Japan,Tokyo,JP,Tokyo University of Education,Tokyo,Japan,1965,84,physics,3,"""for their fundamental work in quantum electrodynamics with deep-ploughing consequences for the physics of elementary particles"""
638,Mikhail,Sholokhov,male,24/05/1905,Russia,Veshenskaya,RU,21/02/1984,USSR (now Russia),Veshenskaya,RU,,,,1965,638,literature,1,"""for the artistic power and integrity with which in his epic of the Don he has given expression to a historic phase in the life of the Russian people"""
85,Julian,Schwinger,male,12/02/1918,USA,New York NY,US,16/07/1994,USA,Los Angeles CA,US,Harvard University,Cambridge MA,USA,1965,85,physics,3,"""for their fundamental work in quantum electrodynamics with deep-ploughing consequences for the physics of elementary particles"""
86,Richard P.,Feynman,male,11/05/1918,USA,New York NY,US,15/02/1988,USA,Los Angeles CA,US,California Institute of Technology (Caltech),Pasadena CA,USA,1965,86,physics,3,"""for their fundamental work in quantum electrodynamics with deep-ploughing consequences for the physics of elementary particles"""
384,Charles B.,Huggins,male,22/09/1901,Canada,Halifax Nova Scotia,CA,12/01/1997,USA,Chicago IL,US,University of Chicago Ben May Laboratory for Cancer Research,Chicago IL,USA,1966,384,medicine,2,"""for his discoveries concerning hormonal treatment of prostatic cancer"""
639,Shmuel,Agnon,male,1888-07-17,Austria-Hungary (now Ukraine),Buczacz (now Buchach),UA,17/02/1970,Israel,Rehovot,IL,,,,1966,639,literature,2,"""for his profoundly characteristic narrative art with motifs from the life of the Jewish people"""
232,Robert S.,Mulliken,male,1896-06-07,USA,Newburyport MA,US,31/10/1986,USA,Arlington VA,US,University of Chicago,Chicago IL,USA,1966,232,chemistry,1,"""for his fundamental work concerning chemical bonds and the electronic structure of molecules by the molecular orbital method"""
383,Peyton,Rous,male,1879-10-05,USA,Baltimore MD,US,16/02/1970,USA,New York NY,US,Rockefeller University,New York NY,USA,1966,383,medicine,2,"""for his discovery of tumour-inducing viruses"""
640,Nelly,Sachs,female,1891-12-10,Germany,Berlin,DE,12/05/1970,Sweden,Stockholm,SE,,,,1966,640,literature,2,"""for her outstanding lyrical and dramatic writing which interprets Israel's destiny with touching strength"""
87,Alfred,Kastler,male,03/05/1902,Germany (now France),Guebwiller,FR,07/01/1984,France,Bandol,FR,École Normale Supérieure,Paris,France,1966,87,physics,1,"""for the discovery and development of optical methods for studying Hertzian resonances in atoms"""
385,Ragnar,Granit,male,30/10/1900,Russian Empire (now Finland),Helsinki,FI,12/03/1991,Sweden,Stockholm,SE,Karolinska Institutet,Stockholm,Sweden,1967,385,medicine,3,"""for their discoveries concerning the primary physiological and chemical visual processes in the eye"""
387,George,Wald,male,18/11/1906,USA,New York NY,US,12/04/1997,USA,Cambridge MA,US,Harvard University,Cambridge MA,USA,1967,387,medicine,3,"""for their discoveries concerning the primary physiological and chemical visual processes in the eye"""
235,George,Porter,male,06/12/1920,United Kingdom,Stainforth,GB,31/08/2002,United Kingdom,Canterbury,GB,Royal Institution of Great Britain,London,United Kingdom,1967,235,chemistry,4,"""for their studies of extremely fast chemical reactions effected by disturbing the equilibrium by means of very short pulses of energy"""
641,Miguel Angel,Asturias,male,1899-10-19,Guatemala,Guatemala City,GT,09/06/1974,Spain,Madrid,ES,,,,1967,641,literature,1,"""for his vivid literary achievement deep-rooted in the national traits and traditions of Indian peoples of Latin America"""
234,Ronald G.W.,Norrish,male,1897-11-09,United Kingdom,Cambridge,GB,07/06/1978,United Kingdom,Cambridge,GB,Institute of Physical Chemistry,Cambridge,United Kingdom,1967,234,chemistry,4,"""for their studies of extremely fast chemical reactions effected by disturbing the equilibrium by means of very short pulses of energy"""
233,Manfred,Eigen,male,09/05/1927,Germany,Bochum,DE,06/02/2019,Germany,Göttingen,DE,Max-Planck-Institut für Physikalische Chemie,Göttingen,Germany,1967,233,chemistry,2,"""for their studies of extremely fast chemical reactions effected by disturbing the equilibrium by means of very short pulses of energy"""
386,Keffer,Hartline,male,22/12/1903,USA,Bloomsburg PA,US,17/03/1983,USA,Fallston MD,US,Rockefeller University,New York NY,USA,1967,386,medicine,3,"""for their discoveries concerning the primary physiological and chemical visual processes in the eye"""
88,Hans,Bethe,male,02/07/1906,Germany (now France),Strasbourg,FR,06/03/2005,USA,Ithaca NY,US,Cornell University,Ithaca NY,USA,1967,88,physics,1,"""for his contributions to the theory of nuclear reactions especially his discoveries concerning the energy production in stars"""
389,H. Gobind,Khorana,male,09/01/1922,India,Raipur,IN,09/11/2011,USA,Concord MA,US,University of Wisconsin,Madison WI,USA,1968,389,medicine,3,"""for their interpretation of the genetic code and its function in protein synthesis"""
390,Marshall W.,Nirenberg,male,10/04/1927,USA,New York NY,US,15/01/2010,USA,New York NY,US,National Institutes of Health,Bethesda MD,USA,1968,390,medicine,3,"""for their interpretation of the genetic code and its function in protein synthesis"""
236,Lars,Onsager,male,27/11/1903,Norway,Kristiania (now Oslo),NO,05/10/1976,USA,Coral Gables FL,US,Yale University,New Haven CT,USA,1968,236,chemistry,1,"""for the discovery of the reciprocal relations bearing his name which are fundamental for the thermodynamics of irreversible processes"""
526,René,Cassin,male,1887-10-05,France,Bayonne,FR,20/02/1976,France,Paris,FR,,,,1968,526,peace,1,"""for his struggle to ensure the rights of man as stipulated in the UN Declaration"""
388,Robert W.,Holley,male,28/01/1922,USA,Urbana IL,US,11/02/1993,USA,Los Gatos CA,US,Cornell University,Ithaca NY,USA,1968,388,medicine,3,"""for their interpretation of the genetic code and its function in protein synthesis"""
89,Luis,Alvarez,male,13/06/1911,USA,San Francisco CA,US,01/09/1988,USA,Berkeley CA,US,University of California,Berkeley CA,USA,1968,89,physics,1,"""for his decisive contributions to elementary particle physics in particular the discovery of a large number of resonance states made possible through his development of the technique of using hydrogen bubble chamber and data analysis"""
642,Yasunari,Kawabata,male,1899-06-11,Japan,Osaka,JP,16/04/1972,Japan,Zushi,JP,,,,1968,642,literature,1,"""for his narrative mastery which with great sensibility expresses the essence of the Japanese mind"""
237,Derek,Barton,male,08/09/1918,United Kingdom,Gravesend,GB,16/03/1998,USA,College Station TX,US,Imperial College,London,United Kingdom,1969,237,chemistry,2,"""for their contributions to the development of the concept of conformation and its application in chemistry"""
643,Samuel,Beckett,male,13/04/1906,Ireland,Dublin,IE,22/12/1989,France,Paris,FR,,,,1969,643,literature,1,"""for his writing which - in new forms for the novel and drama - in the destitution of modern man acquires its elevation"""
677,Ragnar,Frisch,male,1895-03-03,Norway,Oslo,NO,31/01/1973,Norway,Oslo,NO,University of Oslo,Oslo,Norway,1969,677,economics,2,"""for having developed and applied dynamic models for the analysis of economic processes"""
90,Murray,Gell-Mann,male,15/09/1929,USA,New York NY,US,24/05/2019,USA,Santa Fe NM,US,California Institute of Technology (Caltech),Pasadena CA,USA,1969,90,physics,1,"""for his contributions and discoveries concerning the classification of elementary particles and their interactions"""
678,Jan,Tinbergen,male,12/04/1903,the Netherlands,the Hague,NL,09/06/1994,the Netherlands,the Hague,NL,The Netherlands School of Economics,Rotterdam,the Netherlands,1969,678,economics,2,"""for having developed and applied dynamic models for the analysis of economic processes"""
527,International Labour Organization,,org,1919-00-00,,,,0000-00-00,,,,,,,1969,527,peace,1,"""for creating international legislation insuring certain norms for working conditions in every country"""
393,Salvador E.,Luria,male,13/08/1912,Italy,Turin,IT,06/02/1991,USA,Lexington MA,US,Massachusetts Institute of Technology (MIT),Cambridge MA,USA,1969,393,medicine,3,"""for their discoveries concerning the replication mechanism and the genetic structure of viruses"""
392,Alfred D.,Hershey,male,04/12/1908,USA,Owosso MI,US,22/05/1997,USA,Syosset NY,US,Carnegie Institution of Washington,Long Island New York NY,USA,1969,392,medicine,3,"""for their discoveries concerning the replication mechanism and the genetic structure of viruses"""
391,Max,Delbrück,male,04/09/1906,Germany,Berlin,DE,09/03/1981,USA,Pasadena CA,US,California Institute of Technology (Caltech),Pasadena CA,USA,1969,391,medicine,3,"""for their discoveries concerning the replication mechanism and the genetic structure of viruses"""
238,Odd,Hassel,male,1897-05-17,Norway,Kristiania (now Oslo),NO,11/05/1981,Norway,Oslo,NO,University of Oslo,Oslo,Norway,1969,238,chemistry,2,"""for their contributions to the development of the concept of conformation and its application in chemistry"""
91,Hannes,Alfvén,male,30/05/1908,Sweden,Norrköping,SE,02/04/1995,Sweden,Djursholm,SE,Royal Institute of Technology,Stockholm,Sweden,1970,91,physics,2,"""for fundamental work and discoveries in magnetohydro-dynamics with fruitful applications in different parts of plasma physics"""
92,Louis,Néel,male,22/11/1904,France,Lyon,FR,17/11/2000,France,Brive-Corrèze,FR,University of Grenoble,Grenoble,France,1970,92,physics,2,"""for fundamental work and discoveries concerning antiferromagnetism and ferrimagnetism which have led to important applications in solid state physics"""
528,Norman,Borlaug,male,25/03/1914,USA,Cresco IA,US,12/09/2009,USA,Dallas TX,US,,,,1970,528,peace,1,"""for having given a well-founded hope - the green revolution"""
239,Luis,Leloir,male,06/09/1906,France,Paris,FR,02/12/1987,Argentina,Buenos Aires,AR,Institute for Biochemical Research,Buenos Aires,Argentina,1970,239,chemistry,1,"""for his discovery of sugar nucleotides and their role in the biosynthesis of carbohydrates"""
644,Alexandr,Solzhenitsyn,male,11/12/1918,Russia,Kislovodsk,RU,03/08/2008,Russia,Troitse-Lykovo,RU,,,,1970,644,literature,1,"""for the ethical force with which he has pursued the indispensable traditions of Russian literature"""
679,Paul A.,Samuelson,male,15/05/1915,USA,Gary IN,US,13/12/2009,USA,Belmont MA,US,Massachusetts Institute of Technology (MIT),Cambridge MA,USA,1970,679,economics,1,"""for the scientific work through which he has developed static and dynamic economic theory and actively contributed to raising the level of analysis in economic science"""
396,Julius,Axelrod,male,30/05/1912,USA,New York NY,US,29/12/2004,USA,Rockville MD,US,National Institutes of Health,Bethesda MD,USA,1970,396,medicine,3,"""for their discoveries concerning the humoral transmitters in the nerve terminals and the mechanism for their storage release and inactivation"""
395,Ulf,von Euler,male,07/02/1905,Sweden,Stockholm,SE,09/03/1983,Sweden,Stockholm,SE,Karolinska Institutet,Stockholm,Sweden,1970,395,medicine,3,"""for their discoveries concerning the humoral transmitters in the nerve terminals and the mechanism for their storage release and inactivation"""
394,Sir Bernard,Katz,male,26/03/1911,Germany,Leipzig,DE,20/04/2003,United Kingdom,London,GB,University College,London,United Kingdom,1970,394,medicine,3,"""for their discoveries concerning the humoral transmitters in the nerve terminals and the mechanism for their storage release and inactivation"""
529,Willy,Brandt,male,18/12/1913,Germany,Lübeck,DE,08/10/1992,Germany,Unkel,DE,,,,1971,529,peace,1,"""for paving the way for a meaningful dialogue between East and West"""
93,Dennis,Gabor,male,05/06/1900,Hungary,Budapest,HU,08/02/1979,United Kingdom,London,GB,Imperial College,London,United Kingdom,1971,93,physics,1,"""for his invention and development of the holographic method"""
680,Simon,Kuznets,male,30/04/1901,Russian Empire (now Belarus),Pinsk,BY,08/07/1985,USA,Cambridge MA,US,Harvard University,Cambridge MA,USA,1971,680,economics,1,"""for his empirically founded interpretation of economic growth which has led to new and deepened insight into the economic and social structure and process of development"""
240,Gerhard,Herzberg,male,25/12/1904,Germany,Hamburg,DE,03/03/1999,Canada,Ottawa,CA,National Research Council of Canada,Ottawa,Canada,1971,240,chemistry,1,"""for his contributions to the knowledge of electronic structure and geometry of molecules particularly free radicals"""
397,Earl W.,Sutherland Jr.,male,19/11/1915,USA,Burlingame KS,US,09/03/1974,USA,Miami FL,US,Vanderbilt University,Nashville TN,USA,1971,397,medicine,1,"""for his discoveries concerning the mechanisms of the action of hormones"""
645,Pablo,Neruda,male,12/07/1904,Chile,Parral,CL,23/09/1973,Chile,Santiago,CL,,,,1971,645,literature,1,"""for a poetry that with the action of an elemental force brings alive a continent's destiny and dreams"""
647,Heinrich,Böll,male,21/12/1917,Germany,Cologne,DE,16/07/1985,West Germany (now Germany),Bornheim-Merten,DE,,,,1972,647,literature,1,"""for his writing which through its combination of a broad perspective on his time and a sensitive skill in characterization has contributed to a renewal of German literature"""
398,Gerald M.,Edelman,male,01/07/1929,USA,New York NY,US,17/05/2014,USA,La Jolla CA,US,Rockefeller University,New York NY,USA,1972,398,medicine,2,"""for their discoveries concerning the chemical structure of antibodies"""
95,Leon N.,Cooper,male,28/02/1930,USA,New York NY,US,0000-00-00,,,,Brown University,Providence RI,USA,1972,95,physics,3,"""for their jointly developed theory of superconductivity usually called the BCS-theory"""
242,Stanford,Moore,male,04/09/1913,USA,Chicago IL,US,23/08/1982,USA,New York NY,US,Rockefeller University,New York NY,USA,1972,242,chemistry,4,"""for their contribution to the understanding of the connection between chemical structure and catalytic activity of the active centre of the ribonuclease molecule"""
241,Christian,Anfinsen,male,26/03/1916,USA,Monessen PA,US,14/05/1995,USA,Randallstown MD,US,National Institutes of Health,Bethesda MD,USA,1972,241,chemistry,2,"""for his work on ribonuclease especially concerning the connection between the amino acid sequence and the biologically active conformation"""
243,William H.,Stein,male,25/06/1911,USA,New York NY,US,02/02/1980,USA,New York NY,US,Rockefeller University,New York NY,USA,1972,243,chemistry,4,"""for their contribution to the understanding of the connection between chemical structure and catalytic activity of the active centre of the ribonuclease molecule"""
66,John,Bardeen,male,23/05/1908,USA,Madison WI,US,30/01/1991,USA,Boston MA,US,University of Illinois,Urbana IL,USA,1956,66,physics,3,"""for their researches on semiconductors and their discovery of the transistor effect"""
66,John,Bardeen,male,23/05/1908,USA,Madison WI,US,30/01/1991,USA,Boston MA,US,University of Illinois,Urbana IL,USA,1972,66,physics,3,"""for their jointly developed theory of superconductivity usually called the BCS-theory"""
682,Kenneth J.,Arrow,male,23/08/1921,USA,New York NY,US,21/02/2017,USA,Palo Alto CA,US,Harvard University,Cambridge MA,USA,1972,682,economics,2,"""for their pioneering contributions to general economic equilibrium theory and welfare theory"""
681,John R.,Hicks,male,08/04/1904,United Kingdom,Warwick,GB,20/05/1989,United Kingdom,Blockley,GB,All Souls College,Oxford,United Kingdom,1972,681,economics,2,"""for their pioneering contributions to general economic equilibrium theory and welfare theory"""
96,Robert,Schrieffer,male,31/05/1931,USA,Oak Park IL,US,27/07/2019,USA,Tallahassee FL,US,University of Pennsylvania,Philadelphia PA,USA,1972,96,physics,3,"""for their jointly developed theory of superconductivity usually called the BCS-theory"""
399,Rodney R.,Porter,male,08/10/1917,United Kingdom,Newton-le-Willows,GB,06/09/1985,United Kingdom,Winchester,GB,University of Oxford,Oxford,United Kingdom,1972,399,medicine,2,"""for their discoveries concerning the chemical structure of antibodies"""
99,Brian D.,Josephson,male,04/01/1940,United Kingdom,Cardiff,GB,0000-00-00,,,,University of Cambridge,Cambridge,United Kingdom,1973,99,physics,2,"""for his theoretical predictions of the properties of a supercurrent through a tunnel barrier in particular those phenomena which are generally known as the Josephson effects"""
244,Ernst Otto,Fischer,male,10/11/1918,Germany,Munich,DE,23/07/2007,Germany,Munich,DE,Technical University,Munich,Germany,1973,244,chemistry,2,"""for their pioneering work performed independently on the chemistry of the organometallic so called sandwich compounds"""
245,Geoffrey,Wilkinson,male,14/07/1921,United Kingdom,Todmorden,GB,26/09/1996,United Kingdom,London,GB,Imperial College,London,United Kingdom,1973,245,chemistry,2,"""for their pioneering work performed independently on the chemistry of the organometallic so called sandwich compounds"""
531,Le Duc Tho,,male,14/10/1911,Vietnam,Nam Ha province,VN,13/10/1990,Vietnam,Hanoi,VN,,,,1973,531,peace,2,"""for jointly having negotiated a cease fire in Vietnam in 1973"""
683,Wassily,Leontief,male,05/08/1906,Russia,St. Petersburg,RU,05/02/1999,USA,New York NY,US,Harvard University,Cambridge MA,USA,1973,683,economics,1,"""for the development of the input-output method and for its application to important economic problems"""
401,Konrad,Lorenz,male,07/11/1903,Austria,Vienna,AT,27/02/1989,Austria,Vienna,AT,Konrad-Lorenz-Institut der Österreichischen Akademie der Wissen­schaften Forschungsstelle für Ethologie,Altenberg; Grünau im Almtal,Austria,1973,401,medicine,3,"""for their discoveries concerning organization and elicitation of individual and social behaviour patterns"""
97,Leo,Esaki,male,12/03/1925,Japan,Osaka,JP,0000-00-00,,,,IBM Thomas J. Watson Research Center,Yorktown Heights NY,USA,1973,97,physics,4,"""for their experimental discoveries regarding tunneling phenomena in semiconductors and superconductors respectively"""
98,Ivar,Giaever,male,05/04/1929,Norway,Bergen,NO,0000-00-00,,,,General Electric Company,Schenectady NY,USA,1973,98,physics,4,"""for their experimental discoveries regarding tunneling phenomena in semiconductors and superconductors respectively"""
400,Karl,von Frisch,male,1886-11-20,Austria,Vienna,AT,12/06/1982,West Germany (now Germany),Munich,DE,Zoologisches Institut der Universität München,Munich,Germany,1973,400,medicine,3,"""for their discoveries concerning organization and elicitation of individual and social behaviour patterns"""
648,Patrick,White,male,28/05/1912,United Kingdom,London,GB,30/09/1990,Australia,Sydney,AU,,,,1973,648,literature,1,"""for an epic and psychological narrative art which has introduced a new continent into literature"""
530,Henry,Kissinger,male,27/05/1923,Germany,Fürth,DE,0000-00-00,,,,,,,1973,530,peace,2,"""for jointly having negotiated a cease fire in Vietnam in 1973"""
402,Nikolaas,Tinbergen,male,15/04/1907,the Netherlands,the Hague,NL,21/12/1988,United Kingdom,Oxford,GB,University of Oxford,Oxford,United Kingdom,1973,402,medicine,3,"""for their discoveries concerning organization and elicitation of individual and social behaviour patterns"""
246,Paul J.,Flory,male,19/06/1910,USA,Sterling IL,US,08/09/1985,USA,Big Sur CA,US,Stanford University,Stanford CA,USA,1974,246,chemistry,1,"""for his fundamental achievements both theoretical and experimental in the physical chemistry of the macromolecules"""
649,Eyvind,Johnson,male,29/07/1900,Sweden,Svartbjörnsbyn,SE,25/08/1976,Sweden,Stockholm,SE,,,,1974,649,literature,2,"""for a narrative art far-seeing in lands and ages in the service of freedom"""
684,Gunnar,Myrdal,male,1898-12-06,Sweden,Skattungbyn,SE,17/05/1987,Sweden,Stockholm,SE,,,,1974,684,economics,2,"""for their pioneering work in the theory of money and economic fluctuations and for their penetrating analysis of the interdependence of economic social and institutional phenomena"""
650,Harry,Martinson,male,06/05/1904,Sweden,Jämshög,SE,11/02/1978,Sweden,Stockholm,SE,,,,1974,650,literature,2,"""for writings that catch the dewdrop and reflect the cosmos"""
404,Christian,de Duve,male,02/10/1917,United Kingdom,Thames Ditton,GB,04/05/2013,Belgium,Nethen,BE,Rockefeller University,New York NY,USA,1974,404,medicine,3,"""for their discoveries concerning the structural and functional organization of the cell"""
101,Antony,Hewish,male,11/05/1924,United Kingdom,Fowey,GB,13/09/2021,,,,University of Cambridge,Cambridge,United Kingdom,1974,101,physics,2,"""for their pioneering research in radio astrophysics: Ryle for his observations and inventions in particular of the aperture synthesis technique and Hewish for his decisive role in the discovery of pulsars"""
100,Martin,Ryle,male,27/09/1918,United Kingdom,Brighton,GB,14/10/1984,United Kingdom,Cambridge,GB,University of Cambridge,Cambridge,United Kingdom,1974,100,physics,2,"""for their pioneering research in radio astrophysics: Ryle for his observations and inventions in particular of the aperture synthesis technique and Hewish for his decisive role in the discovery of pulsars"""
405,George E.,Palade,male,19/11/1912,Romania,Iasi,RO,07/10/2008,USA,Del Mar CA,US,Yale University School of Medicine,New Haven CT,USA,1974,405,medicine,3,"""for their discoveries concerning the structural and functional organization of the cell"""
533,Eisaku,Sato,male,27/03/1901,Japan,Tabuse,JP,03/06/1975,Japan,Tokyo,JP,,,,1974,533,peace,2,"""for his contribution to stabilize conditions in the Pacific rim area and for signing the Nuclear Non-Proliferation Treaty"""
532,Seán,MacBride,male,26/01/1904,France,Paris,FR,15/01/1988,Ireland,Dublin,IE,,,,1974,532,peace,2,"""for his efforts to secure and develop human rights throughout the world"""
685,Friedrich,von Hayek,male,1899-05-08,Austria,Vienna,AT,23/03/1992,Germany,Freiburg,DE,,,,1974,685,economics,2,"""for their pioneering work in the theory of money and economic fluctuations and for their penetrating analysis of the interdependence of economic social and institutional phenomena"""
403,Albert,Claude,male,1898-08-24,Belgium,Longlier,BE,22/05/1983,Belgium,Brussels,BE,Université Catholique de Louvain,Louvain,Belgium,1974,403,medicine,3,"""for their discoveries concerning the structural and functional organization of the cell"""
247,John,Cornforth,male,07/09/1917,Australia,Sydney,AU,08/12/2013,,,,University of Sussex,Brighton,United Kingdom,1975,247,chemistry,2,"""for his work on the stereochemistry of enzyme-catalyzed reactions"""
248,Vladimir,Prelog,male,23/07/1906,Austria-Hungary (now Bosnia and Herzegovina),Sarajevo,BA,07/01/1998,Switzerland,Zurich,CH,Eidgenössische Technische Hochschule (Swiss Federal Institute of Technology),Zurich,Switzerland,1975,248,chemistry,2,"""for his research into the stereochemistry of organic molecules and reactions"""
408,Howard M.,Temin,male,10/12/1934,USA,Philadelphia PA,US,09/02/1994,USA,Madison WI,US,University of Wisconsin,Madison WI,USA,1975,408,medicine,3,"""for their discoveries concerning the interaction between tumour viruses and the genetic material of the cell"""
102,Aage N.,Bohr,male,19/06/1922,Denmark,Copenhagen,DK,08/09/2009,Denmark,Copenhagen,DK,Niels Bohr Institute,Copenhagen,Denmark,1975,102,physics,3,"""for the discovery of the connection between collective motion and particle motion in atomic nuclei and the development of the theory of the structure of the atomic nucleus based on this connection"""
103,Ben R.,Mottelson,male,09/07/1926,USA,Chicago IL,US,13/05/2022,,,,Nordita,Copenhagen,Denmark,1975,103,physics,3,"""for the discovery of the connection between collective motion and particle motion in atomic nuclei and the development of the theory of the structure of the atomic nucleus based on this connection"""
104,James,Rainwater,male,09/12/1917,USA,Council ID,US,31/03/1986,USA,Yonkers NY,US,Columbia University,New York NY,USA,1975,104,physics,3,"""for the discovery of the connection between collective motion and particle motion in atomic nuclei and the development of the theory of the structure of the atomic nucleus based on this connection"""
687,Tjalling C.,Koopmans,male,28/08/1910,the Netherlands,'s Graveland,NL,26/02/1985,USA,New Haven CT,US,Yale University,New Haven CT,USA,1975,687,economics,2,"""for their contributions to the theory of optimum allocation of resources"""
686,Leonid Vitaliyevich,Kantorovich,male,19/01/1912,Russian Empire (now Russia),St. Petersburg,RU,07/04/1986,USSR (now Russia),Moscow,RU,Academy of Sciences,Moscow,USSR (now Russia),1975,686,economics,2,"""for their contributions to the theory of optimum allocation of resources"""
651,Eugenio,Montale,male,1896-10-12,Italy,Genoa,IT,12/09/1981,Italy,Milan,IT,,,,1975,651,literature,1,"""for his distinctive poetry which with great artistic sensitivity has interpreted human values under the sign of an outlook on life with no illusions"""
406,David,Baltimore,male,07/03/1938,USA,New York NY,US,0000-00-00,,,,Massachusetts Institute of Technology (MIT),Cambridge MA,USA,1975,406,medicine,3,"""for their discoveries concerning the interaction between tumour viruses and the genetic material of the cell"""
407,Renato,Dulbecco,male,22/02/1914,Italy,Catanzaro,IT,19/02/2012,USA,La Jolla CA,US,Imperial Cancer Research Fund Laboratory,London,United Kingdom,1975,407,medicine,3,"""for their discoveries concerning the interaction between tumour viruses and the genetic material of the cell"""
534,Andrei,Sakharov,male,21/05/1921,Russia,Moscow,RU,14/12/1989,USSR (now Russia),Moscow,RU,,,,1975,534,peace,1,"""for his struggle for human rights in the Soviet Union for disarmament and cooperation between all nations"""
688,Milton,Friedman,male,31/07/1912,USA,Brooklyn NY,US,16/11/2006,USA,San Francisco CA,US,University of Chicago,Chicago IL,USA,1976,688,economics,1,"""for his achievements in the fields of consumption analysis monetary history and theory and for his demonstration of the complexity of stabilization policy"""
249,William,Lipscomb,male,09/12/1919,USA,Cleveland OH,US,14/04/2011,USA,Cambridge MA,US,Harvard University,Cambridge MA,USA,1976,249,chemistry,1,"""for his studies on the structure of boranes illuminating problems of chemical bonding"""
536,Mairead,Corrigan,female,27/01/1944,Northern Ireland,Belfast,GB,0000-00-00,,,,,,,1976,536,peace,2,"""for the courageous efforts in founding a movement to put an end to the violent conflict in Northern Ireland"""
105,Burton,Richter,male,22/03/1931,USA,Brooklyn NY,US,18/07/2018,USA,Stanford CA,US,Stanford Linear Accelerator Center,Stanford CA,USA,1976,105,physics,2,"""for their pioneering work in the discovery of a heavy elementary particle of a new kind"""
106,Samuel C.C.,Ting,male,27/01/1936,USA,Ann Arbor MI,US,0000-00-00,,,,Massachusetts Institute of Technology (MIT),Cambridge MA,USA,1976,106,physics,2,"""for their pioneering work in the discovery of a heavy elementary particle of a new kind"""
409,Baruch S.,Blumberg,male,28/07/1925,USA,New York NY,US,05/04/2011,USA,Moffett Field CA,US,The Institute for Cancer Research,Philadelphia PA,USA,1976,409,medicine,2,"""for their discoveries concerning new mechanisms for the origin and dissemination of infectious diseases"""
410,D. Carleton,Gajdusek,male,09/09/1923,USA,Yonkers NY,US,12/12/2008,Norway,Tromsø,NO,National Institutes of Health,Bethesda MD,USA,1976,410,medicine,2,"""for their discoveries concerning new mechanisms for the origin and dissemination of infectious diseases"""
535,Betty,Williams,female,22/05/1943,Northern Ireland,Belfast,GB,17/03/2020,Northern Ireland,Belfast,GB,,,,1976,535,peace,2,"""for the courageous efforts in founding a movement to put an end to the violent conflict in Northern Ireland"""
652,Saul,Bellow,male,10/06/1915,Canada,Montreal,CA,05/04/2005,USA,Brookline MA,US,,,,1976,652,literature,1,"""for the human understanding and subtle analysis of contemporary culture that are combined in his work"""
107,Philip W.,Anderson,male,13/12/1923,USA,Indianapolis IN,US,29/03/2020,USA,Princeton NJ,US,Bell Telephone Laboratories,Murray Hill NJ,USA,1977,107,physics,3,"""for their fundamental theoretical investigations of the electronic structure of magnetic and disordered systems"""
690,James E.,Meade,male,23/06/1907,United Kingdom,Swanage,GB,22/12/1995,United Kingdom,Cambridge,GB,University of Cambridge,Cambridge,United Kingdom,1977,690,economics,2,"""for their pathbreaking contribution to the theory of international trade and international capital movements"""
689,Bertil,Ohlin,male,1899-04-23,Sweden,Klippan,SE,03/08/1979,Sweden,Vålådalen,SE,Stockholm School of Economics,Stockholm,Sweden,1977,689,economics,2,"""for their pathbreaking contribution to the theory of international trade and international capital movements"""
108,Sir Nevill F.,Mott,male,30/09/1905,United Kingdom,Leeds,GB,08/08/1996,United Kingdom,Milton Keynes,GB,University of Cambridge,Cambridge,United Kingdom,1977,108,physics,3,"""for their fundamental theoretical investigations of the electronic structure of magnetic and disordered systems"""
109,John H.,Van Vleck,male,1899-03-13,USA,Middletown CT,US,27/10/1980,USA,Cambridge MA,US,Harvard University,Cambridge MA,USA,1977,109,physics,3,"""for their fundamental theoretical investigations of the electronic structure of magnetic and disordered systems"""
412,Andrew V.,Schally,male,30/11/1926,Poland (now Lithuania),Wilno (now Vilnius),LT,0000-00-00,,,,Veterans Administration Hospital,New Orleans LA,USA,1977,412,medicine,4,"""for their discoveries concerning the peptide hormone production of the brain"""
413,Rosalyn,Yalow,female,19/07/1921,USA,New York NY,US,30/05/2011,USA,New York NY,US,Veterans Administration Hospital,Bronx NY,USA,1977,413,medicine,2,"""for the development of radioimmunoassays of peptide hormones"""
250,Ilya,Prigogine,male,25/01/1917,Russia,Moscow,RU,28/05/2003,Belgium,Brussels,BE,Université Libre de Bruxelles,Brussels,Belgium,1977,250,chemistry,1,"""for his contributions to non-equilibrium thermodynamics particularly the theory of dissipative structures"""
411,Roger,Guillemin,male,11/01/1924,France,Dijon,FR,0000-00-00,,,,The Salk Institute,San Diego CA,USA,1977,411,medicine,4,"""for their discoveries concerning the peptide hormone production of the brain"""
537,Amnesty International,,org,1961-00-00,,,,0000-00-00,,,,,,,1977,537,peace,1,"""for worldwide respect for human rights"""
653,Vicente,Aleixandre,male,1898-04-26,Spain,Sevilla,ES,14/12/1984,Spain,Madrid,ES,,,,1977,653,literature,1,"""for a creative poetic writing which illuminates man's condition in the cosmos and in present-day society at the same time representing the great renewal of the traditions of Spanish poetry between the wars"""
538,Anwar,al-Sadat,male,25/12/1918,Egypt,Mit Abu al-Kawm,EG,06/10/1981,Egypt,Cairo,EG,,,,1978,538,peace,2,"""for jointly having negotiated peace between Egypt and Israel in 1978"""
539,Menachem,Begin,male,16/08/1913,Russian Empire (now Belarus),Brest Litovsk,BY,09/03/1992,Israel,Tel Aviv,IL,,,,1978,539,peace,2,"""for jointly having negotiated peace between Egypt and Israel in 1978"""
111,Arno,Penzias,male,26/04/1933,Germany,Munich,DE,0000-00-00,,,,Bell Laboratories,Holmdel NJ,USA,1978,111,physics,4,"""for their discovery of cosmic microwave background radiation"""
416,Hamilton O.,Smith,male,23/08/1931,USA,New York NY,US,0000-00-00,,,,Johns Hopkins University School of Medicine,Baltimore MD,USA,1978,416,medicine,3,"""for the discovery of restriction enzymes and their application to problems of molecular genetics"""
415,Daniel,Nathans,male,30/10/1928,USA,Wilmington DE,US,16/11/1999,USA,Baltimore MD,US,Johns Hopkins University School of Medicine,Baltimore MD,USA,1978,415,medicine,3,"""for the discovery of restriction enzymes and their application to problems of molecular genetics"""
414,Werner,Arber,male,03/06/1929,Switzerland,Gränichen,CH,0000-00-00,,,,Biozentrum der Universität,Basel,Switzerland,1978,414,medicine,3,"""for the discovery of restriction enzymes and their application to problems of molecular genetics"""
112,Robert Woodrow,Wilson,male,10/01/1936,USA,Houston TX,US,0000-00-00,,,,Bell Laboratories,Holmdel NJ,USA,1978,112,physics,4,"""for their discovery of cosmic microwave background radiation"""
654,Isaac Bashevis,Singer,male,14/07/1904,Russian Empire (now Poland),Leoncin,PL,24/07/1991,USA,Surfside FL,US,,,,1978,654,literature,1,"""for his impassioned narrative art which with roots in a Polish-Jewish cultural tradition brings universal human conditions to life"""
691,Herbert,Simon,male,15/06/1916,USA,Milwaukee WI,US,09/02/2001,USA,Pittsburgh PA,US,Carnegie Mellon University,Pittsburgh PA,USA,1978,691,economics,1,"""for his pioneering research into the decision-making process within economic organizations"""
110,Pyotr,Kapitsa,male,1894-07-09,Russian Empire (now Russia),Kronshtadt,RU,08/04/1984,USSR (now Russia),Moscow,RU,Academy of Sciences,Moscow,USSR (now Russia),1978,110,physics,2,"""for his basic inventions and discoveries in the area of low-temperature physics"""
251,Peter,Mitchell,male,29/09/1920,United Kingdom,Mitcham,GB,10/04/1992,United Kingdom,Bodmin,GB,Glynn Research Laboratories,Bodmin,United Kingdom,1978,251,chemistry,1,"""for his contribution to the understanding of biological energy transfer through the formulation of the chemiosmotic theory"""
253,Georg,Wittig,male,1897-06-16,Germany,Berlin,DE,26/08/1987,West Germany (now Germany),Heidelberg,DE,University of Heidelberg,Heidelberg,Germany,1979,253,chemistry,2,"""for their development of the use of boron- and phosphorus-containing compounds respectively into important reagents in organic synthesis"""
692,Theodore W.,Schultz,male,30/04/1902,USA,Arlington SD,US,26/02/1998,USA,Evanston IL,US,University of Chicago,Chicago IL,USA,1979,692,economics,2,"""for their pioneering research into economic development research with particular consideration of the problems of developing countries"""
693,Sir Arthur,Lewis,male,23/01/1915,British West Indies (now Saint Lucia),Castries,LC,15/06/1991,Barbados,Bridgetown,BB,Princeton University,Princeton NJ,USA,1979,693,economics,2,"""for their pioneering research into economic development research with particular consideration of the problems of developing countries"""
540,Anjezë Gonxhe,Bojaxhiu,female,26/08/1910,Ottoman Empire (now North Macedonia),Uskup (now Skopje),MK,05/09/1997,India,Calcutta,IN,,,,1979,540,peace,1,"""for her work for bringing help to suffering humanity"""
252,Herbert C.,Brown,male,22/05/1912,United Kingdom,London,GB,19/12/2004,USA,Lafayette IN,US,Purdue University,West Lafayette IN,USA,1979,252,chemistry,2,"""for their development of the use of boron- and phosphorus-containing compounds respectively into important reagents in organic synthesis"""
113,Sheldon,Glashow,male,05/12/1932,USA,New York NY,US,0000-00-00,,,,Harvard University Lyman Laboratory,Cambridge MA,USA,1979,113,physics,3,"""for their contributions to the theory of the unified weak and electromagnetic interaction between elementary particles including inter alia the prediction of the weak neutral current"""
115,Steven,Weinberg,male,03/05/1933,USA,New York NY,US,23/07/2021,USA,Austin TX,US,Harvard University,Cambridge MA,USA,1979,115,physics,3,"""for their contributions to the theory of the unified weak and electromagnetic interaction between elementary particles including inter alia the prediction of the weak neutral current"""
418,Godfrey N.,Hounsfield,male,28/08/1919,United Kingdom,Newark,GB,12/08/2004,United Kingdom,Kingston upon Thames,GB,Central Research Laboratories EMI,London,United Kingdom,1979,418,medicine,2,"""for the development of computer assisted tomography"""
417,Allan M.,Cormack,male,23/02/1924,South Africa,Johannesburg,ZA,07/05/1998,USA,Winchester MA,US,Tufts University,Medford MA,USA,1979,417,medicine,2,"""for the development of computer assisted tomography"""
655,Odysseus,Elytis,male,02/11/1911,Crete (now Greece),Iráklion,GR,18/03/1996,Greece,Athens,GR,,,,1979,655,literature,1,"""for his poetry which against the background of Greek tradition depicts with sensuous strength and intellectual clear-sightedness modern man's struggle for freedom and creativeness"""
114,Abdus,Salam,male,29/01/1926,India (now Pakistan),Jhang Maghiāna,PK,21/11/1996,United Kingdom,Oxford,GB,International Centre for Theoretical Physics,Trieste,Italy,1979,114,physics,3,"""for their contributions to the theory of the unified weak and electromagnetic interaction between elementary particles including inter alia the prediction of the weak neutral current"""
222,Frederick,Sanger,male,13/08/1918,United Kingdom,Rendcombe,GB,19/11/2013,United Kingdom,Cambridge,GB,MRC Laboratory of Molecular Biology,Cambridge,United Kingdom,1958,222,chemistry,1,"""for his work on the structure of proteins especially that of insulin"""
222,Frederick,Sanger,male,13/08/1918,United Kingdom,Rendcombe,GB,19/11/2013,United Kingdom,Cambridge,GB,MRC Laboratory of Molecular Biology,Cambridge,United Kingdom,1980,222,chemistry,4,"""for their contributions concerning the determination of base sequences in nucleic acids"""
420,Jean,Dausset,male,19/10/1916,France,Toulouse,FR,06/06/2009,Spain,Palma Majorca,ES,Université de Paris Laboratoire Immuno-Hématologie,Paris,France,1980,420,medicine,3,"""for their discoveries concerning genetically determined structures on the cell surface that regulate immunological reactions"""
419,Baruj,Benacerraf,male,29/10/1920,Venezuela,Caracas,VE,02/08/2011,USA,Boston MA,US,Harvard Medical School,Boston MA,USA,1980,419,medicine,3,"""for their discoveries concerning genetically determined structures on the cell surface that regulate immunological reactions"""
694,Lawrence R.,Klein,male,14/09/1920,USA,Omaha NE,US,20/10/2013,USA,Gladwyne PA,US,University of Pennsylvania,Philadelphia PA,USA,1980,694,economics,1,"""for the creation of econometric models and the application to the analysis of economic fluctuations and economic policies"""
254,Paul,Berg,male,30/06/1926,USA,New York NY,US,15/02/2023,USA,Stanford CA,US,Stanford University,Stanford CA,USA,1980,254,chemistry,2,"""for his fundamental studies of the biochemistry of nucleic acids with particular regard to recombinant-DNA"""
541,Adolfo,Pérez Esquivel,male,26/11/1931,Argentina,Buenos Aires,AR,0000-00-00,,,,,,,1980,541,peace,1,"""for being a source of inspiration to repressed people especially in Latin America"""
255,Walter,Gilbert,male,21/03/1932,USA,Boston MA,US,0000-00-00,,,,Harvard University Biological Laboratories,Cambridge MA,USA,1980,255,chemistry,4,"""for their contributions concerning the determination of base sequences in nucleic acids"""
117,Val,Fitch,male,10/03/1923,USA,Merriman NE,US,05/02/2015,USA,Princeton NJ,US,Princeton University,Princeton NJ,USA,1980,117,physics,2,"""for the discovery of violations of fundamental symmetry principles in the decay of neutral K-mesons"""
116,James,Cronin,male,29/09/1931,USA,Chicago IL,US,25/08/2016,USA,St. Paul MN,US,University of Chicago,Chicago IL,USA,1980,116,physics,2,"""for the discovery of violations of fundamental symmetry principles in the decay of neutral K-mesons"""
657,Czeslaw,Milosz,male,30/06/1911,Russian Empire (now Lithuania),Śeteniai,LT,14/08/2004,Poland,Kraków,PL,,,,1980,657,literature,1,"""who with uncompromising clear-sightedness voices man's exposed condition in a world of severe conflicts"""
421,George D.,Snell,male,19/12/1903,USA,Bradford MA,US,06/06/1996,USA,Bar Harbor ME,US,Jackson Laboratory,Bar Harbor ME,USA,1980,421,medicine,3,"""for their discoveries concerning genetically determined structures on the cell surface that regulate immunological reactions"""
695,James,Tobin,male,05/03/1918,USA,Champaign IL,US,11/03/2002,USA,New Haven CT,US,Yale University,New Haven CT,USA,1981,695,economics,1,"""for his analysis of financial markets and their relations to expenditure decisions employment production and prices"""
658,Elias,Canetti,male,25/07/1905,Bulgaria,Ruse,BG,14/08/1994,Switzerland,Zurich,CH,,,,1981,658,literature,1,"""for writings marked by a broad outlook a wealth of ideas and artistic power"""
423,David H.,Hubel,male,27/02/1926,Canada,Windsor ON,CA,22/09/2013,USA,Lincoln MA,US,Harvard Medical School,Boston MA,USA,1981,423,medicine,4,"""for their discoveries concerning information processing in the visual system"""
118,Nicolaas,Bloembergen,male,11/03/1920,the Netherlands,Dordrecht,NL,05/09/2017,USA,Tucson AZ,US,Harvard University,Cambridge MA,USA,1981,118,physics,4,"""for their contribution to the development of laser spectroscopy"""
515,Office of the United Nations High Commissioner for Refugees,,org,14/12/1950,,,,0000-00-00,,,,,,,1954,515,peace,1,"""for its efforts to heal the wounds of war by providing help and protection to refugees all over the world"""
515,Office of the United Nations High Commissioner for Refugees,,org,14/12/1950,,,,0000-00-00,,,,,,,1981,515,peace,1,"""for promoting the fundamental rights of refugees"""
422,Roger W.,Sperry,male,20/08/1913,USA,Hartford CT,US,17/04/1994,USA,Pasadena CA,US,California Institute of Technology (Caltech),Pasadena CA,USA,1981,422,medicine,2,"""for his discoveries concerning the functional specialization of the cerebral hemispheres"""
257,Kenichi,Fukui,male,04/10/1918,Japan,Nara,JP,09/01/1998,Japan,Kyoto,JP,Kyoto University,Kyoto,Japan,1981,257,chemistry,2,"""for their theories developed independently concerning the course of chemical reactions"""
258,Roald,Hoffmann,male,18/07/1937,Poland (now Ukraine),Zloczov,UA,0000-00-00,,,,Cornell University,Ithaca NY,USA,1981,258,chemistry,2,"""for their theories developed independently concerning the course of chemical reactions"""
424,Torsten N.,Wiesel,male,03/06/1924,Sweden,Uppsala,SE,0000-00-00,,,,Harvard Medical School,Boston MA,USA,1981,424,medicine,4,"""for their discoveries concerning information processing in the visual system"""
119,Arthur L.,Schawlow,male,05/05/1921,USA,Mount Vernon NY,US,28/04/1999,USA,Palo Alto CA,US,Stanford University,Stanford CA,USA,1981,119,physics,4,"""for their contribution to the development of laser spectroscopy"""
120,Kai M.,Siegbahn,male,20/04/1918,Sweden,Lund,SE,20/07/2007,Sweden,Ängelholm,SE,Uppsala University,Uppsala,Sweden,1981,120,physics,2,"""for his contribution to the development of high-resolution electron spectroscopy"""
696,George J.,Stigler,male,17/01/1911,USA,Renton WA,US,01/12/1991,USA,Chicago IL,US,University of Chicago,Chicago IL,USA,1982,696,economics,1,"""for his seminal studies of industrial structures functioning of markets and causes and effects of public regulation"""
543,Alva,Myrdal,female,31/01/1902,Sweden,Uppsala,SE,01/02/1986,Sweden,Stockholm,SE,,,,1982,543,peace,2,"""for their work for disarmament and nuclear and weapon-free zones"""
659,Gabriel,García Márquez,male,06/03/1927,Colombia,Aracataca,CO,17/04/2014,Mexico,Mexico City,MX,,,,1982,659,literature,1,"""for his novels and short stories in which the fantastic and the realistic are combined in a richly composed world of imagination reflecting a continent's life and conflicts"""
427,John R.,Vane,male,29/03/1927,United Kingdom,Tardebigg,GB,19/11/2004,United Kingdom,Farnborough,GB,The Wellcome Research Laboratories,Beckenham,United Kingdom,1982,427,medicine,3,"""for their discoveries concerning prostaglandins and related biologically active substances"""
259,Aaron,Klug,male,11/08/1926,Lithuania,Zelvas,LT,20/11/2018,,,,MRC Laboratory of Molecular Biology,Cambridge,United Kingdom,1982,259,chemistry,1,"""for his development of crystallographic electron microscopy and his structural elucidation of biologically important nucleic acid-protein complexes"""
425,Sune K.,Bergström,male,10/01/1916,Sweden,Stockholm,SE,15/08/2004,Sweden,Stockholm,SE,Karolinska Institutet,Stockholm,Sweden,1982,425,medicine,3,"""for their discoveries concerning prostaglandins and related biologically active substances"""
121,Kenneth G.,Wilson,male,08/06/1936,USA,Waltham MA,US,15/06/2013,USA,Saco ME,US,Cornell University,Ithaca NY,USA,1982,121,physics,1,"""for his theory for critical phenomena in connection with phase transitions"""
544,Alfonso,García Robles,male,20/03/1911,Mexico,Zamora,MX,02/09/1991,Mexico,Mexico City,MX,,,,1982,544,peace,2,"""for their work for disarmament and nuclear and weapon-free zones"""
426,Bengt I.,Samuelsson,male,21/05/1934,Sweden,Halmstad,SE,0000-00-00,,,,Karolinska Institutet,Stockholm,Sweden,1982,426,medicine,3,"""for their discoveries concerning prostaglandins and related biologically active substances"""
545,Lech,Walesa,male,29/09/1943,Poland,Popowo,PL,0000-00-00,,,,,,,1983,545,peace,1,"""for non-violent struggle for free trade unions and human rights in Poland"""
260,Henry,Taube,male,30/11/1915,Canada,Neudorf,CA,16/11/2005,USA,Stanford CA,US,Stanford University,Stanford CA,USA,1983,260,chemistry,1,"""for his work on the mechanisms of electron transfer reactions especially in metal complexes"""
428,Barbara,McClintock,female,16/06/1902,USA,Hartford CT,US,02/09/1992,USA,Huntington NY,US,Cold Spring Harbor Laboratory,Cold Spring Harbor NY,USA,1983,428,medicine,1,"""for her discovery of mobile genetic elements"""
697,Gerard,Debreu,male,04/07/1921,France,Calais,FR,31/12/2004,France,Paris,FR,University of California,Berkeley CA,USA,1983,697,economics,1,"""for having incorporated new analytical methods into economic theory and for his rigorous reformulation of the theory of general equilibrium"""
660,William,Golding,male,19/09/1911,United Kingdom,St. Columb Minor,GB,19/06/1993,United Kingdom,Perranarworthal,GB,,,,1983,660,literature,1,"""for his novels which with the perspicuity of realistic narrative art and the diversity and universality of myth illuminate the human condition in the world of today"""
123,William A.,Fowler,male,09/08/1911,USA,Pittsburgh PA,US,14/03/1995,USA,Pasadena CA,US,California Institute of Technology (Caltech),Pasadena CA,USA,1983,123,physics,2,"""for his theoretical and experimental studies of the nuclear reactions of importance in the formation of the chemical elements in the universe"""
122,Subramanyan,Chandrasekhar,male,19/10/1910,India (now Pakistan),Lahore,PK,21/08/1995,USA,Chicago IL,US,University of Chicago,Chicago IL,USA,1983,122,physics,2,"""for his theoretical studies of the physical processes of importance to the structure and evolution of the stars"""
429,Niels K.,Jerne,male,23/12/1911,United Kingdom,London,GB,07/10/1994,France,Castillon-du-Gard,FR,Basel Institute for Immunology,Basel,Switzerland,1984,429,medicine,3,"""for theories concerning the specificity in development and control of the immune system and the discovery of the principle for production of monoclonal antibodies"""
430,Georges J.F.,Köhler,male,17/04/1946,Germany,Munich,DE,01/03/1995,Germany,Freiburg im Breisgau,DE,Basel Institute for Immunology,Basel,Switzerland,1984,430,medicine,3,"""for theories concerning the specificity in development and control of the immune system and the discovery of the principle for production of monoclonal antibodies"""
431,César,Milstein,male,08/10/1927,Argentina,Bahia Blanca,AR,24/03/2002,United Kingdom,Cambridge,GB,MRC Laboratory of Molecular Biology,Cambridge,United Kingdom,1984,431,medicine,3,"""for theories concerning the specificity in development and control of the immune system and the discovery of the principle for production of monoclonal antibodies"""
661,Jaroslav,Seifert,male,23/09/1901,Austria-Hungary (now Czech Republic),Prague,CZ,10/01/1986,Czechoslovakia (now Czech Republic),Prague,CZ,,,,1984,661,literature,1,"""for his poetry which endowed with freshness sensuality and rich inventiveness provides a liberating image of the indomitable spirit and versatility of man"""
546,Desmond,Tutu,male,07/10/1931,South Africa,Klerksdorp,ZA,26/12/2021,South Africa,Cape Town,ZA,,,,1984,546,peace,1,"""for his role as a unifying leader figure in the non-violent campaign to resolve the problem of apartheid in South Africa"""
261,Bruce,Merrifield,male,15/07/1921,USA,Fort Worth TX,US,14/05/2006,USA,Cresskill NJ,US,Rockefeller University,New York NY,USA,1984,261,chemistry,1,"""for his development of methodology for chemical synthesis on a solid matrix"""
125,Simon,van der Meer,male,24/11/1925,the Netherlands,the Hague,NL,04/03/2011,Switzerland,Geneva,CH,CERN,Geneva,Switzerland,1984,125,physics,2,"""for their decisive contributions to the large project which led to the discovery of the field particles W and Z communicators of weak interaction"""
124,Carlo,Rubbia,male,31/03/1934,Italy,Gorizia,IT,0000-00-00,,,,CERN,Geneva,Switzerland,1984,124,physics,2,"""for their decisive contributions to the large project which led to the discovery of the field particles W and Z communicators of weak interaction"""
698,Richard,Stone,male,30/08/1913,United Kingdom,London,GB,06/12/1991,United Kingdom,Cambridge,GB,University of Cambridge,Cambridge,United Kingdom,1984,698,economics,1,"""for having made fundamental contributions to the development of systems of national accounts and hence greatly improved the basis for empirical economic analysis"""
547,International Physicians for the Prevention of Nuclear War,,org,1980-00-00,,,,0000-00-00,,,,,,,1985,547,peace,1,"""for spreading authoritative information and by creating awareness of the catastrophic consequences of nuclear war"""
126,Klaus,von Klitzing,male,28/06/1943,German-occupied Poland (now Poland),Schroda,PL,0000-00-00,,,,Max-Planck-Institut für Festkörperforschung,Stuttgart,Germany,1985,126,physics,1,"""for the discovery of the quantized Hall effect"""
433,Joseph L.,Goldstein,male,18/04/1940,USA,Sumter SC,US,0000-00-00,,,,University of Texas Southwestern Medical Center at Dallas,Dallas TX,USA,1985,433,medicine,2,"""for their discoveries concerning the regulation of cholesterol metabolism"""
432,Michael S.,Brown,male,13/04/1941,USA,New York NY,US,0000-00-00,,,,University of Texas Southwestern Medical Center at Dallas,Dallas TX,USA,1985,432,medicine,2,"""for their discoveries concerning the regulation of cholesterol metabolism"""
262,Herbert A.,Hauptman,male,14/02/1917,USA,New York NY,US,23/10/2011,USA,Buffalo NY,US,The Medical Foundation of Buffalo,Buffalo NY,USA,1985,262,chemistry,2,"""for their outstanding achievements in the development of direct methods for the determination of crystal structures"""
263,Jerome,Karle,male,18/06/1918,USA,New York NY,US,06/06/2013,USA,Annandale VA,US,US Naval Research Laboratory,Washington D.C.,USA,1985,263,chemistry,2,"""for their outstanding achievements in the development of direct methods for the determination of crystal structures"""
662,Claude,Simon,male,10/10/1913,Madagascar,Tananarive (now Antananarivo),MG,06/07/2005,France,Paris,FR,,,,1985,662,literature,1,"""who in his novel combines the poet's and the painter's creativeness with a deepened awareness of time in the depiction of the human condition"""
699,Franco,Modigliani,male,18/06/1918,Italy,Rome,IT,25/09/2003,USA,Cambridge MA,US,Massachusetts Institute of Technology (MIT),Cambridge MA,USA,1985,699,economics,1,"""for his pioneering analyses of saving and of financial markets"""
264,Dudley R.,Herschbach,male,18/06/1932,USA,San José CA,US,0000-00-00,,,,Harvard University,Cambridge MA,USA,1986,264,chemistry,3,"""for their contributions concerning the dynamics of chemical elementary processes"""
266,John C.,Polanyi,male,23/01/1929,Germany,Berlin,DE,0000-00-00,,,,University of Toronto,Toronto,Canada,1986,266,chemistry,3,"""for their contributions concerning the dynamics of chemical elementary processes"""
128,Gerd,Binnig,male,20/07/1947,West Germany (now Germany),Frankfurt-on-the-Main,DE,0000-00-00,,,,IBM Zurich Research Laboratory,Rüschlikon,Switzerland,1986,128,physics,4,"""for their design of the scanning tunneling microscope"""
129,Heinrich,Rohrer,male,06/06/1933,Switzerland,Buchs,CH,16/05/2013,Switzerland,Wollerau,CH,IBM Zurich Research Laboratory,Rüschlikon,Switzerland,1986,129,physics,4,"""for their design of the scanning tunneling microscope"""
127,Ernst,Ruska,male,25/12/1906,Germany,Heidelberg,DE,27/05/1988,Germany,West Berlin,DE,Fritz-Haber-Institut der Max-Planck-Gesellschaft,Berlin,Germany,1986,127,physics,2,"""for his fundamental work in electron optics and for the design of the first electron microscope"""
265,Yuan T.,Lee,male,19/11/1936,Taiwan,Hsinchu,TW,0000-00-00,,,,University of California,Berkeley CA,USA,1986,265,chemistry,3,"""for their contributions concerning the dynamics of chemical elementary processes"""
435,Rita,Levi-Montalcini,female,22/04/1909,Italy,Turin,IT,30/12/2012,Italy,Rome,IT,Institute of Cell Biology of the C.N.R.,Rome,Italy,1986,435,medicine,2,"""for their discoveries of growth factors"""
434,Stanley,Cohen,male,17/11/1922,USA,Brooklyn NY,US,05/02/2020,USA,Nashville TN,US,Vanderbilt University School of Medicine,Nashville TN,USA,1986,434,medicine,2,"""for their discoveries of growth factors"""
548,Elie,Wiesel,male,30/09/1928,Romania,Sighet,RO,02/07/2016,USA,New York NY,US,,,,1986,548,peace,1,"""for being a messenger to mankind: his message is one of peace atonement and dignity"""
663,Wole,Soyinka,male,13/07/1934,Nigeria,Abeokuta,NG,0000-00-00,,,,,,,1986,663,literature,1,"""who in a wide cultural perspective and with poetic overtones fashions the drama of existence"""
700,James M.,Buchanan Jr.,male,03/10/1919,USA,Murfreesboro TN,US,09/01/2013,USA,Blacksburg VA,US,Center for Study of Public Choice,Fairfax VA,USA,1986,700,economics,1,"""for his development of the contractual and constitutional bases for the theory of economic and political decision-making"""
269,Charles J.,Pedersen,male,03/10/1904,Korea (now South Korea),Pusan,KR,26/10/1989,USA,Salem NJ,US,Du Pont,Wilmington DE,USA,1987,269,chemistry,3,"""for their development and use of molecules with structure-specific interactions of high selectivity"""
664,Joseph,Brodsky,male,24/05/1940,USSR (now Russia),Leningrad (now St. Petersburg),RU,28/01/1996,USA,New York NY,US,,,,1987,664,literature,1,"""for an all-embracing authorship imbued with clarity of thought and poetic intensity"""
131,K. Alex,Müller,male,20/04/1927,Switzerland,Basel,CH,09/01/2023,Switzerland,Zurich,CH,IBM Zurich Research Laboratory,Rüschlikon,Switzerland,1987,131,physics,2,"""for their important break-through in the discovery of superconductivity in ceramic materials"""
268,Jean-Marie,Lehn,male,30/09/1939,France,Rosheim,FR,0000-00-00,,,,Université Louis Pasteur,Strasbourg,France,1987,268,chemistry,3,"""for their development and use of molecules with structure-specific interactions of high selectivity"""
130,J. Georg,Bednorz,male,16/05/1950,West Germany (now Germany),Neuenkirchen,DE,0000-00-00,,,,IBM Zurich Research Laboratory,Rüschlikon,Switzerland,1987,130,physics,2,"""for their important break-through in the discovery of superconductivity in ceramic materials"""
436,Susumu,Tonegawa,male,05/09/1939,Japan,Nagoya,JP,0000-00-00,,,,Massachusetts Institute of Technology (MIT),Cambridge MA,USA,1987,436,medicine,1,"""for his discovery of the genetic principle for generation of antibody diversity"""
701,Robert M.,Solow,male,23/08/1924,USA,Brooklyn NY,US,0000-00-00,,,,Massachusetts Institute of Technology (MIT),Cambridge MA,USA,1987,701,economics,1,"""for his contributions to the theory of economic growth"""
549,Oscar,Arias Sánchez,male,13/09/1940,Costa Rica,Heredia,CR,0000-00-00,,,,,,,1987,549,peace,1,"""for his work for lasting peace in Central America"""
267,Donald J.,Cram,male,22/04/1919,USA,Chester VT,US,17/06/2001,USA,Palm Desert CA,US,University of California,Los Angeles CA,USA,1987,267,chemistry,3,"""for their development and use of molecules with structure-specific interactions of high selectivity"""
550,United Nations Peacekeeping Forces,,org,1948-00-00,,,,0000-00-00,,,,,,,1988,550,peace,1,"""for preventing armed clashes and creating conditions for negotiations"""
134,Jack,Steinberger,male,25/05/1921,Germany,Bad Kissingen,DE,12/12/2020,Switzerland,Geneva,CH,CERN,Geneva,Switzerland,1988,134,physics,3,"""for the neutrino beam method and the demonstration of the doublet structure of the leptons through the discovery of the muon neutrino"""
133,Melvin,Schwartz,male,02/11/1932,USA,New York NY,US,28/08/2006,USA,Twin Falls ID,US,Digital Pathways Inc.,Mountain View CA,USA,1988,133,physics,3,"""for the neutrino beam method and the demonstration of the doublet structure of the leptons through the discovery of the muon neutrino"""
132,Leon M.,Lederman,male,15/07/1922,USA,New York NY,US,03/10/2018,USA,Rexburg ID,US,Fermi National Accelerator Laboratory,Batavia IL,USA,1988,132,physics,3,"""for the neutrino beam method and the demonstration of the doublet structure of the leptons through the discovery of the muon neutrino"""
439,George H.,Hitchings,male,18/04/1905,USA,Hoquiam WA,US,27/02/1998,USA,Chapel Hill NC,US,Wellcome Research Laboratories,Research Triangle Park NC,USA,1988,439,medicine,3,"""for their discoveries of important principles for drug treatment"""
272,Hartmut,Michel,male,18/07/1948,West Germany (now Germany),Ludwigsburg,DE,0000-00-00,,,,Max-Planck-Institut für Biophysik,Frankfurt-on-the-Main,Germany,1988,272,chemistry,3,"""for the determination of the three-dimensional structure of a photosynthetic reaction centre"""
271,Robert,Huber,male,20/02/1937,Germany,Munich,DE,0000-00-00,,,,Max-Planck-Institut für Biochemie,Martinsried,Germany,1988,271,chemistry,3,"""for the determination of the three-dimensional structure of a photosynthetic reaction centre"""
270,Johann,Deisenhofer,male,30/09/1943,Germany,Zusamaltheim,DE,0000-00-00,,,,University of Texas Southwestern Medical Center at Dallas,Dallas TX,USA,1988,270,chemistry,3,"""for the determination of the three-dimensional structure of a photosynthetic reaction centre"""
665,Naguib,Mahfouz,male,11/12/1911,Egypt,Cairo,EG,30/08/2006,Egypt,Cairo,EG,,,,1988,665,literature,1,"""who through works rich in nuance - now clear-sightedly realistic now evocatively ambiguous - has formed an Arabian narrative art that applies to all mankind"""
437,Sir James W.,Black,male,14/06/1924,Scotland,Uddingston,GB,21/03/2010,,,,London University King's College Hospital Medical School,London,United Kingdom,1988,437,medicine,3,"""for their discoveries of important principles for drug treatment"""
438,Gertrude B.,Elion,female,23/01/1918,USA,New York NY,US,21/02/1999,USA,Chapel Hill NC,US,Wellcome Research Laboratories,Research Triangle Park NC,USA,1988,438,medicine,3,"""for their discoveries of important principles for drug treatment"""
702,Maurice,Allais,male,31/05/1911,France,Paris,FR,09/10/2010,France,Paris,FR,École Nationale Supérieur des Mines de Paris,Paris,France,1988,702,economics,1,"""for his pioneering contributions to the theory of markets and efficient utilization of resources"""
274,Thomas R.,Cech,male,08/12/1947,USA,Chicago IL,US,0000-00-00,,,,University of Colorado,Boulder CO,USA,1989,274,chemistry,2,"""for their discovery of catalytic properties of RNA"""
273,Sidney,Altman,male,07/05/1939,Canada,Montreal,CA,05/04/2022,USA,Rockleigh NJ,US,Yale University,New Haven CT,USA,1989,273,chemistry,2,"""for their discovery of catalytic properties of RNA"""
136,Hans G.,Dehmelt,male,09/09/1922,Prussia (now Germany),Görlitz,DE,07/03/2017,USA,Seattle WA,US,University of Washington,Seattle WA,USA,1989,136,physics,4,"""for the development of the ion trap technique"""
135,Norman F.,Ramsey,male,27/08/1915,USA,Washington D.C.,US,04/11/2011,USA,Wayland MA,US,Harvard University,Cambridge MA,USA,1989,135,physics,2,"""for the invention of the separated oscillatory fields method and its use in the hydrogen maser and other atomic clocks"""
440,J. Michael,Bishop,male,22/02/1936,USA,York PA,US,0000-00-00,,,,University of California School of Medicine,San Francisco CA,USA,1989,440,medicine,2,"""for their discovery of the cellular origin of retroviral oncogenes"""
137,Wolfgang,Paul,male,10/08/1913,Germany,Lorenzkirch,DE,07/12/1993,Germany,Bonn,DE,University of Bonn,Bonn,Germany,1989,137,physics,4,"""for the development of the ion trap technique"""
703,Trygve,Haavelmo,male,13/12/1911,Norway,Skedsmo,NO,26/07/1999,Norway,Oslo,NO,University of Oslo,Oslo,Norway,1989,703,economics,1,"""for his clarification of the probability theory foundations of econometrics and his analyses of simultaneous economic structures"""
666,Camilo José,Cela,male,11/05/1916,Spain,Iria Flavia,ES,17/01/2002,Spain,Madrid,ES,,,,1989,666,literature,1,"""for a rich and intensive prose which with restrained compassion forms a challenging vision of man's vulnerability"""
551,Lhamo,Thondup,male,06/07/1935,Tibet (now China),Taktser,CN,0000-00-00,,,,,,,1989,551,peace,1,"""for advocating peaceful solutions based upon tolerance and mutual respect in order to preserve the historical and cultural heritage of his people"""
441,Harold E.,Varmus,male,18/12/1939,USA,Oceanside NY,US,0000-00-00,,,,University of California School of Medicine,San Francisco CA,USA,1989,441,medicine,2,"""for their discovery of the cellular origin of retroviral oncogenes"""
667,Octavio,Paz,male,31/03/1914,Mexico,Mexico City,MX,19/04/1998,Mexico,Mexico City,MX,,,,1990,667,literature,1,"""for impassioned writing with wide horizons characterized by sensuous intelligence and humanistic integrity"""
140,Richard E.,Taylor,male,02/11/1929,Canada,Medicine Hat Alberta,CA,22/02/2018,USA,Stanford CA,US,Stanford University,Stanford CA,USA,1990,140,physics,3,"""for their pioneering investigations concerning deep inelastic scattering of electrons on protons and bound neutrons which have been of essential importance for the development of the quark model in particle physics"""
139,Henry W.,Kendall,male,09/12/1926,USA,Boston MA,US,15/02/1999,USA,Wakulla Springs State Park FL,US,Massachusetts Institute of Technology (MIT),Cambridge MA,USA,1990,139,physics,3,"""for their pioneering investigations concerning deep inelastic scattering of electrons on protons and bound neutrons which have been of essential importance for the development of the quark model in particle physics"""
138,Jerome I.,Friedman,male,28/03/1930,USA,Chicago IL,US,0000-00-00,,,,Massachusetts Institute of Technology (MIT),Cambridge MA,USA,1990,138,physics,3,"""for their pioneering investigations concerning deep inelastic scattering of electrons on protons and bound neutrons which have been of essential importance for the development of the quark model in particle physics"""
704,Harry M.,Markowitz,male,24/08/1927,USA,Chicago IL,US,0000-00-00,,,,City University of New York,New York NY,USA,1990,704,economics,3,"""for their pioneering work in the theory of financial economics"""
705,Merton H.,Miller,male,16/05/1923,USA,Boston MA,US,03/06/2000,USA,Chicago IL,US,University of Chicago,Chicago IL,USA,1990,705,economics,3,"""for their pioneering work in the theory of financial economics"""
442,Joseph E.,Murray,male,01/04/1919,USA,Milford MA,US,26/11/2012,USA,Boston MA,US,Brigham and Women's Hospital,Boston MA,USA,1990,442,medicine,2,"""for their discoveries concerning organ and cell transplantation in the treatment of human disease"""
552,Mikhail,Gorbachev,male,02/03/1931,USSR (now Russia),Privolnoye,RU,30/08/2022,Russia,Moscow,RU,,,,1990,552,peace,1,"""for the leading role he played in the radical changes in East-West relations"""
443,E. Donnall,Thomas,male,15/03/1920,USA,Mart TX,US,20/10/2012,USA,Seattle WA,US,Fred Hutchinson Cancer Research Center,Seattle WA,USA,1990,443,medicine,2,"""for their discoveries concerning organ and cell transplantation in the treatment of human disease"""
706,William F.,Sharpe,male,16/06/1934,USA,Boston MA,US,0000-00-00,,,,Stanford University,Stanford CA,USA,1990,706,economics,3,"""for their pioneering work in the theory of financial economics"""
275,Elias James,Corey,male,12/07/1928,USA,Methuen MA,US,0000-00-00,,,,Harvard University,Cambridge MA,USA,1990,275,chemistry,1,"""for his development of the theory and methodology of organic synthesis"""
707,Ronald H.,Coase,male,29/12/1910,United Kingdom,Willesden,GB,02/09/2013,USA,Chicago IL,US,University of Chicago,Chicago IL,USA,1991,707,economics,1,"""for his discovery and clarification of the significance of transaction costs and property rights for the institutional structure and functioning of the economy"""
668,Nadine,Gordimer,female,20/11/1923,South Africa,Springs,ZA,13/07/2014,South Africa,Johannesburg,ZA,,,,1991,668,literature,1,"""who through her magnificent epic writing has - in the words of Alfred Nobel - been of very great benefit to humanity"""
445,Bert,Sakmann,male,12/06/1942,Germany,Stuttgart,DE,0000-00-00,,,,Max-Planck-Institut für medizinische Forschung,Heidelberg,Germany,1991,445,medicine,2,"""for their discoveries concerning the function of single ion channels in cells"""
141,Pierre-Gilles,de Gennes,male,24/10/1932,France,Paris,FR,18/05/2007,France,Orsay,FR,Collège de France,Paris,France,1991,141,physics,1,"""for discovering that methods developed for studying order phenomena in simple systems can be generalized to more complex forms of matter in particular to liquid crystals and polymers"""
553,Aung San Suu Kyi,,female,19/06/1945,Burma (now Myanmar),Rangoon (now Yangon),MM,0000-00-00,,,,,,,1991,553,peace,1,"""for her non-violent struggle for democracy and human rights"""
444,Erwin,Neher,male,20/03/1944,Germany,Landsberg,DE,0000-00-00,,,,Max-Planck-Institut für Biophysikalische Chemie,Göttingen,Germany,1991,444,medicine,2,"""for their discoveries concerning the function of single ion channels in cells"""
276,Richard R.,Ernst,male,14/08/1933,Switzerland,Winterthur,CH,04/06/2021,Switzerland,Winterthur,CH,Eidgenössische Technische Hochschule (Swiss Federal Institute of Technology),Zurich,Switzerland,1991,276,chemistry,1,"""for his contributions to the development of the methodology of high resolution nuclear magnetic resonance (NMR) spectroscopy"""
669,Derek,Walcott,male,23/01/1930,Saint Lucia,Castries,LC,17/03/2017,Saint Lucia,Gros-Islet,LC,,,,1992,669,literature,1,"""for a poetic oeuvre of great luminosity sustained by a historical vision the outcome of a multicultural commitment"""
446,Edmond H.,Fischer,male,06/04/1920,China,Shanghai,CN,27/08/2021,USA,Seattle WA,US,University of Washington,Seattle WA,USA,1992,446,medicine,2,"""for their discoveries concerning reversible protein phosphorylation as a biological regulatory mechanism"""
277,Rudolph A.,Marcus,male,21/07/1923,Canada,Montreal,CA,0000-00-00,,,,California Institute of Technology (Caltech),Pasadena CA,USA,1992,277,chemistry,1,"""for his contributions to the theory of electron transfer reactions in chemical systems"""
708,Gary,Becker,male,02/12/1930,USA,Pottsville PA,US,03/05/2014,USA,Chicago IL,US,University of Chicago,Chicago IL,USA,1992,708,economics,1,"""for having extended the domain of microeconomic analysis to a wide range of human behaviour and interaction including nonmarket behaviour"""
554,Rigoberta,Menchú Tum,female,09/01/1959,Guatemala,Aldea Chimel,GT,0000-00-00,,,,,,,1992,554,peace,1,"""for her struggle for social justice and ethno-cultural reconciliation based on respect for the rights of indigenous peoples"""
142,Georges,Charpak,male,01/08/1924,Poland,Dabrovica,PL,29/09/2010,France,Paris,FR,École Supérieure de Physique et Chimie,Paris,France,1992,142,physics,1,"""for his invention and development of particle detectors in particular the multiwire proportional chamber"""
447,Edwin G.,Krebs,male,06/06/1918,USA,Lansing IA,US,21/12/2009,USA,Seattle WA,US,University of Washington,Seattle WA,USA,1992,447,medicine,2,"""for their discoveries concerning reversible protein phosphorylation as a biological regulatory mechanism"""
143,Russell A.,Hulse,male,28/11/1950,USA,New York NY,US,0000-00-00,,,,Princeton University,Princeton NJ,USA,1993,143,physics,2,"""for the discovery of a new type of pulsar a discovery that has opened up new possibilities for the study of gravitation"""
144,Joseph H.,Taylor Jr.,male,29/03/1941,USA,Philadelphia PA,US,0000-00-00,,,,Princeton University,Princeton NJ,USA,1993,144,physics,2,"""for the discovery of a new type of pulsar a discovery that has opened up new possibilities for the study of gravitation"""
670,Toni,Morrison,female,18/02/1931,USA,Lorain OH,US,05/08/2019,USA,New York NY,US,,,,1993,670,literature,1,"""who in novels characterized by visionary force and poetic import gives life to an essential aspect of American reality"""
710,Douglass C.,North,male,05/11/1920,USA,Cambridge MA,US,23/11/2015,USA,Benzonia MI,US,Washington University,St. Louis MO,USA,1993,710,economics,2,"""for having renewed research in economic history by applying economic theory and quantitative methods in order to explain economic and institutional change"""
279,Michael,Smith,male,26/04/1932,United Kingdom,Blackpool,GB,04/10/2000,Canada,Vancouver,CA,University of British Columbia,Vancouver,Canada,1993,279,chemistry,2,"""for his fundamental contributions to the establishment of oligonucleotide-based site-directed mutagenesis and its development for protein studies"""
449,Phillip A.,Sharp,male,06/06/1944,USA,Falmouth KY,US,0000-00-00,,,,Massachusetts Institute of Technology (MIT) Center for Cancer Research,Cambridge MA,USA,1993,449,medicine,2,"""for their discoveries of split genes"""
448,Richard J.,Roberts,male,06/09/1943,United Kingdom,Derby,GB,0000-00-00,,,,New England Biolabs,Beverly MA,USA,1993,448,medicine,2,"""for their discoveries of split genes"""
278,Kary B.,Mullis,male,28/12/1944,USA,Lenoir NC,US,07/08/2019,USA,Newport Beach CA,US,,,,1993,278,chemistry,2,"""for his invention of the polymerase chain reaction (PCR) method"""
556,F.W.,de Klerk,male,18/03/1936,South Africa,Johannesburg,ZA,11/11/2021,South Africa,Cape Town,ZA,,,,1993,556,peace,2,"""for their work for the peaceful termination of the apartheid regime and for laying the foundations for a new democratic South Africa"""
709,Robert W.,Fogel,male,01/07/1927,USA,New York NY,US,11/06/2013,USA,Oak Lawn IL,US,University of Chicago,Chicago IL,USA,1993,709,economics,2,"""for having renewed research in economic history by applying economic theory and quantitative methods in order to explain economic and institutional change"""
555,Nelson,Mandela,male,18/07/1918,South Africa,Qunu,ZA,05/12/2013,South Africa,Johannesburg,ZA,,,,1993,555,peace,2,"""for their work for the peaceful termination of the apartheid regime and for laying the foundations for a new democratic South Africa"""
450,Alfred G.,Gilman,male,01/07/1941,USA,New Haven CT,US,23/12/2015,USA,Dallas TX,US,University of Texas Southwestern Medical Center at Dallas,Dallas TX,USA,1994,450,medicine,2,"""for their discovery of G-proteins and the role of these proteins in signal transduction in cells"""
451,Martin,Rodbell,male,01/12/1925,USA,Baltimore MD,US,07/12/1998,USA,Chapel Hill NC,US,National Institute of Environmental Health Sciences,Research Triangle Park NC,USA,1994,451,medicine,2,"""for their discovery of G-proteins and the role of these proteins in signal transduction in cells"""
280,George A.,Olah,male,22/05/1927,Hungary,Budapest,HU,08/03/2017,USA,Los Angeles CA,US,University of Southern California,Los Angeles CA,USA,1994,280,chemistry,1,"""for his contribution to carbocation chemistry"""
145,Bertram N.,Brockhouse,male,15/07/1918,Canada,Lethbridge Alberta,CA,13/10/2003,Canada,Hamilton Ontario,CA,McMaster University,Hamilton Ontario,Canada,1994,145,physics,2,"""for the development of neutron spectroscopy"""
146,Clifford G.,Shull,male,23/09/1915,USA,Pittsburgh PA,US,31/03/2001,USA,Medford MA,US,Massachusetts Institute of Technology (MIT),Cambridge MA,USA,1994,146,physics,2,"""for the development of the neutron diffraction technique"""
671,Kenzaburo,Oe,male,31/01/1935,Japan,Uchiko,JP,03/03/2023,Japan,Tokyo,JP,,,,1994,671,literature,1,"""who with poetic force creates an imagined world where life and myth condense to form a disconcerting picture of the human predicament today"""
557,Yasser,Arafat,male,24/08/1929,Egypt,Cairo,EG,11/11/2004,France,Paris,FR,,,,1994,557,peace,3,"""for their efforts to create peace in the Middle East"""
559,Yitzhak,Rabin,male,01/03/1922,British Mandate of Palestine (now Israel),Jerusalem,IL,04/11/1995,Israel,Tel Aviv,IL,,,,1994,559,peace,3,"""for their efforts to create peace in the Middle East"""
558,Shimon,Peres,male,16/08/1923,Poland (now Belarus),Vishneva,BY,28/09/2016,Israel,Tel Aviv,IL,,,,1994,558,peace,3,"""for their efforts to create peace in the Middle East"""
711,John C.,Harsanyi,male,29/05/1920,Hungary,Budapest,HU,09/08/2000,USA,Berkeley CA,US,University of California,Berkeley CA,USA,1994,711,economics,3,"""for their pioneering analysis of equilibria in the theory of non-cooperative games"""
712,John F.,Nash Jr.,male,13/06/1928,USA,Bluefield WV,US,23/05/2015,USA,New Jersey NJ,US,Princeton University,Princeton NJ,USA,1994,712,economics,3,"""for their pioneering analysis of equilibria in the theory of non-cooperative games"""
713,Reinhard,Selten,male,05/10/1930,Germany (now Poland),Breslau (now Wroclaw),PL,23/08/2016,Poland,Poznan,PL,Rheinische Friedrich-Wilhelms-Universität,Bonn,Germany,1994,713,economics,3,"""for their pioneering analysis of equilibria in the theory of non-cooperative games"""
148,Frederick,Reines,male,16/03/1918,USA,Paterson NJ,US,26/08/1998,USA,Orange CA,US,University of California,Irvine CA,USA,1995,148,physics,2,"""for the detection of the neutrino"""
452,Edward B.,Lewis,male,20/05/1918,USA,Wilkes-Barre PA,US,21/07/2004,USA,Pasadena CA,US,California Institute of Technology (Caltech),Pasadena CA,USA,1995,452,medicine,3,"""for their discoveries concerning the genetic control of early embryonic development"""
281,Paul J.,Crutzen,male,03/12/1933,the Netherlands,Amsterdam,NL,28/01/2021,Germany,Mainz,DE,Max-Planck-Institut für Chemie,Mainz,Germany,1995,281,chemistry,3,"""for their work in atmospheric chemistry particularly concerning the formation and decomposition of ozone"""
282,Mario J.,Molina,male,19/03/1943,Mexico,Mexico City,MX,07/10/2020,Mexico,Mexico City,MX,Massachusetts Institute of Technology (MIT),Cambridge MA,USA,1995,282,chemistry,3,"""for their work in atmospheric chemistry particularly concerning the formation and decomposition of ozone"""
714,Robert E.,Lucas Jr.,male,15/09/1937,USA,Yakima WA,US,15/05/2023,,,,University of Chicago,Chicago IL,USA,1995,714,economics,1,"""for having developed and applied the hypothesis of rational expectations and thereby having transformed macroeconomic analysis and deepened our understanding of economic policy"""
672,Seamus,Heaney,male,13/04/1939,Northern Ireland,Casteldàwson,GB,30/08/2013,Ireland,Dublin,IE,,,,1995,672,literature,1,"""for works of lyrical beauty and ethical depth which exalt everyday miracles and the living past"""
283,F. Sherwood,Rowland,male,28/06/1927,USA,Delaware OH,US,10/03/2012,USA,Corona del Mar CA,US,University of California,Irvine CA,USA,1995,283,chemistry,3,"""for their work in atmospheric chemistry particularly concerning the formation and decomposition of ozone"""
453,Christiane,Nüsslein-Volhard,female,20/10/1942,Germany,Magdeburg,DE,0000-00-00,,,,Max-Planck-Institut für Entwicklungsbiologie,Tübingen,Germany,1995,453,medicine,3,"""for their discoveries concerning the genetic control of early embryonic development"""
560,Joseph,Rotblat,male,04/11/1908,Russian Empire (now Poland),Warsaw,PL,31/08/2005,United Kingdom,London,GB,,,,1995,560,peace,2,"""for their efforts to diminish the part played by nuclear arms in international politics and in the longer run to eliminate such arms"""
561,Pugwash Conferences on Science and World Affairs,,org,1957-00-00,,,,0000-00-00,,,,,,,1995,561,peace,2,"""for their efforts to diminish the part played by nuclear arms in international politics and in the longer run to eliminate such arms"""
147,Martin L.,Perl,male,24/06/1927,USA,New York NY,US,30/09/2014,USA,Palo Alto CA,US,Stanford University,Stanford CA,USA,1995,147,physics,2,"""for the discovery of the tau lepton"""
454,Eric F.,Wieschaus,male,08/06/1947,USA,South Bend IN,US,0000-00-00,,,,Princeton University,Princeton NJ,USA,1995,454,medicine,3,"""for their discoveries concerning the genetic control of early embryonic development"""
149,David M.,Lee,male,20/01/1931,USA,Rye NY,US,0000-00-00,,,,Cornell University,Ithaca NY,USA,1996,149,physics,3,"""for their discovery of superfluidity in helium-3"""
151,Robert C.,Richardson,male,26/06/1937,USA,Washington D.C.,US,19/02/2013,USA,Ithaca NY,US,Cornell University,Ithaca NY,USA,1996,151,physics,3,"""for their discovery of superfluidity in helium-3"""
150,Douglas D.,Osheroff,male,01/08/1945,USA,Aberdeen WA,US,0000-00-00,,,,Stanford University,Stanford CA,USA,1996,150,physics,3,"""for their discovery of superfluidity in helium-3"""
455,Peter C.,Doherty,male,15/10/1940,Australia,Brisbane,AU,0000-00-00,,,,St. Jude Children's Research Hospital,Memphis TN,USA,1996,455,medicine,2,"""for their discoveries concerning the specificity of the cell mediated immune defence"""
456,Rolf M.,Zinkernagel,male,06/01/1944,Switzerland,Basel,CH,0000-00-00,,,,University of Zurich Institute of Experimental Immunology,Zurich,Switzerland,1996,456,medicine,2,"""for their discoveries concerning the specificity of the cell mediated immune defence"""
286,Richard E.,Smalley,male,06/06/1943,USA,Akron OH,US,28/10/2005,USA,Houston TX,US,Rice University,Houston TX,USA,1996,286,chemistry,3,"""for their discovery of fullerenes"""
673,Wislawa,Szymborska,female,02/07/1923,Poland,Bnin (now Kórnik),PL,01/02/2012,Poland,Kraków,PL,,,,1996,673,literature,1,"""for poetry that with ironic precision allows the historical and biological context to come to light in fragments of human reality"""
562,Carlos Filipe Ximenes,Belo,male,03/02/1948,East Timor,Wailacama,TL,0000-00-00,,,,,,,1996,562,peace,2,"""for their work towards a just and peaceful solution to the conflict in East Timor"""
563,José,Ramos-Horta,male,26/12/1949,East Timor,Dili,TL,0000-00-00,,,,,,,1996,563,peace,2,"""for their work towards a just and peaceful solution to the conflict in East Timor"""
284,Robert F.,Curl Jr.,male,23/08/1933,USA,Alice TX,US,03/07/2022,USA,Houston TX,US,Rice University,Houston TX,USA,1996,284,chemistry,3,"""for their discovery of fullerenes"""
716,William,Vickrey,male,21/06/1914,Canada,Victoria BC,CA,11/10/1996,USA,Harrison NY,US,Columbia University,New York NY,USA,1996,716,economics,2,"""for their fundamental contributions to the economic theory of incentives under asymmetric information"""
285,Sir Harold,Kroto,male,07/10/1939,United Kingdom,Wisbech Cambridgeshire,GB,30/04/2016,United Kingdom,Lewes East Sussex,GB,University of Sussex,Brighton,United Kingdom,1996,285,chemistry,3,"""for their discovery of fullerenes"""
715,James A.,Mirrlees,male,05/07/1936,Scotland,Minnigaff,GB,29/08/2018,United Kingdom,Cambridge,GB,University of Cambridge,Cambridge,United Kingdom,1996,715,economics,2,"""for their fundamental contributions to the economic theory of incentives under asymmetric information"""
674,Dario,Fo,male,24/03/1926,Italy,Leggiuno-Sangiano,IT,13/10/2016,Italy,Milan,IT,,,,1997,674,literature,1,"""who emulates the jesters of the Middle Ages in scourging authority and upholding the dignity of the downtrodden"""
288,John E.,Walker,male,07/01/1941,United Kingdom,Halifax,GB,0000-00-00,,,,MRC Laboratory of Molecular Biology,Cambridge,United Kingdom,1997,288,chemistry,4,"""for their elucidation of the enzymatic mechanism underlying the synthesis of adenosine triphosphate (ATP)"""
289,Jens C.,Skou,male,08/10/1918,Denmark,Lemvig,DK,28/05/2018,Denmark,Aarhus,DK,Aarhus University,Aarhus,Denmark,1997,289,chemistry,2,"""for the first discovery of an ion-transporting enzyme Na+ K+ -ATPase"""
717,Robert C.,Merton,male,31/07/1944,USA,New York NY,US,0000-00-00,,,,Harvard University,Cambridge MA,USA,1997,717,economics,2,"""for a new method to determine the value of derivatives"""
457,Stanley B.,Prusiner,male,28/05/1942,USA,Des Moines IA,US,0000-00-00,,,,University of California School of Medicine,San Francisco CA,USA,1997,457,medicine,1,"""for his discovery of Prions - a new biological principle of infection"""
154,William D.,Phillips,male,05/11/1948,USA,Wilkes-Barre PA,US,0000-00-00,,,,National Institute of Standards and Technology,Gaithersburg MD,USA,1997,154,physics,3,"""for development of methods to cool and trap atoms with laser light"""
718,Myron,Scholes,male,01/07/1941,Canada,Timmins ON,CA,0000-00-00,,,,Long Term Capital Management,Greenwich CT,USA,1997,718,economics,2,"""for a new method to determine the value of derivatives"""
153,Claude,Cohen-Tannoudji,male,01/04/1933,French Algeria (now Algeria),Constantine,DZ,0000-00-00,,,,Collège de France,Paris,France,1997,153,physics,3,"""for development of methods to cool and trap atoms with laser light"""
152,Steven,Chu,male,28/02/1948,USA,St. Louis MO,US,0000-00-00,,,,Stanford University,Stanford CA,USA,1997,152,physics,3,"""for development of methods to cool and trap atoms with laser light"""
565,Jody,Williams,female,09/10/1950,USA,Putney VT,US,0000-00-00,,,,,,,1997,565,peace,2,"""for their work for the banning and clearing of anti-personnel mines"""
564,International Campaign to Ban Landmines,,org,1992-00-00,,,,0000-00-00,,,,,,,1997,564,peace,2,"""for their work for the banning and clearing of anti-personnel mines"""
287,Paul D.,Boyer,male,31/07/1918,USA,Provo UT,US,02/06/2018,USA,Los Angeles CA,US,University of California,Los Angeles CA,USA,1997,287,chemistry,4,"""for their elucidation of the enzymatic mechanism underlying the synthesis of adenosine triphosphate (ATP)"""
719,Amartya,Sen,male,03/11/1933,India,Santiniketan,IN,0000-00-00,,,,Trinity College,Cambridge,United Kingdom,1998,719,economics,1,"""for his contributions to welfare economics"""
156,Horst L.,Störmer,male,06/04/1949,West Germany (now Germany),Frankfurt-on-the-Main,DE,0000-00-00,,,,Columbia University,New York NY,USA,1998,156,physics,3,"""for their discovery of a new form of quantum fluid with fractionally charged excitations"""
675,José,Saramago,male,16/11/1922,Portugal,Azinhaga,PT,18/06/2010,Spain,Lanzarote,ES,,,,1998,675,literature,1,"""who with parables sustained by imagination compassion and irony continually enables us once again to apprehend an elusory reality"""
157,Daniel C.,Tsui,male,28/02/1939,China,Henan,CN,0000-00-00,,,,Princeton University,Princeton NJ,USA,1998,157,physics,3,"""for their discovery of a new form of quantum fluid with fractionally charged excitations"""
290,Walter,Kohn,male,09/03/1923,Austria,Vienna,AT,19/04/2016,USA,Santa Barbara CA,US,University of California,Santa Barbara CA,USA,1998,290,chemistry,2,"""for his development of the density-functional theory"""
458,Robert F.,Furchgott,male,04/06/1916,USA,Charleston SC,US,19/05/2009,USA,Seattle WA,US,SUNY Health Science Center,Brooklyn NY,USA,1998,458,medicine,3,"""for their discoveries concerning nitric oxide as a signalling molecule in the cardiovascular system"""
459,Louis J.,Ignarro,male,31/05/1941,USA,Brooklyn NY,US,0000-00-00,,,,University of California School of Medicine,Los Angeles CA,USA,1998,459,medicine,3,"""for their discoveries concerning nitric oxide as a signalling molecule in the cardiovascular system"""
460,Ferid,Murad,male,14/09/1936,USA,Whiting IN,US,0000-00-00,,,,University of Texas Medical School at Houston,Houston TX,USA,1998,460,medicine,3,"""for their discoveries concerning nitric oxide as a signalling molecule in the cardiovascular system"""
291,John,Pople,male,31/10/1925,United Kingdom,Burnham-on-Sea,GB,15/03/2004,USA,Chicago IL,US,Northwestern University,Evanston IL,USA,1998,291,chemistry,2,"""for his development of computational methods in quantum chemistry"""
566,John,Hume,male,18/01/1937,Northern Ireland,Londonderry,GB,03/08/2020,Northern Ireland,Londonderry,GB,,,,1998,566,peace,2,"""for their efforts to find a peaceful solution to the conflict in Northern Ireland"""
567,David,Trimble,male,15/10/1944,Northern Ireland,Belfast,GB,25/07/2022,Northern Ireland,Belfast,GB,,,,1998,567,peace,2,"""for their efforts to find a peaceful solution to the conflict in Northern Ireland"""
155,Robert B.,Laughlin,male,01/11/1950,USA,Visalia CA,US,0000-00-00,,,,Stanford University,Stanford CA,USA,1998,155,physics,3,"""for their discovery of a new form of quantum fluid with fractionally charged excitations"""
676,Günter,Grass,male,16/10/1927,Free City of Danzig (now Poland),Danzig (now Gdansk),PL,13/04/2015,Germany,Lübeck,DE,,,,1999,676,literature,1,"""whose frolicsome black fables portray the forgotten face of history"""
292,Ahmed,Zewail,male,26/02/1946,Egypt,Damanhur,EG,02/08/2016,USA,Pasadena CA,US,California Institute of Technology (Caltech),Pasadena CA,USA,1999,292,chemistry,1,"""for his studies of the transition states of chemical reactions using femtosecond spectroscopy"""
568,Doctors Without Borders,,org,1971-00-00,,,,0000-00-00,,,,,,,1999,568,peace,1,"""in recognition of the organisation's pioneering humanitarian work on several continents"""
159,Martinus J.G.,Veltman,male,27/06/1931,the Netherlands,Waalwijk,NL,04/01/2021,the Netherlands,Bilthoven,NL,,,,1999,159,physics,2,"""for elucidating the quantum structure of electroweak interactions in physics"""
158,Gerardus,'t Hooft,male,05/07/1946,the Netherlands,Den Helder,NL,0000-00-00,,,,Utrecht University,Utrecht,the Netherlands,1999,158,physics,2,"""for elucidating the quantum structure of electroweak interactions in physics"""
720,Robert,Mundell,male,24/10/1932,Canada,Kingston ON,CA,04/04/2021,Italy,Siena,IT,Columbia University,New York NY,USA,1999,720,economics,1,"""for his analysis of monetary and fiscal policy under different exchange rate regimes and his analysis of optimum currency areas"""
461,Günter,Blobel,male,21/05/1936,Germany (now Poland),Waltersdorf (now Niegoslawice),PL,18/02/2018,USA,New York NY,US,Rockefeller University,New York NY,USA,1999,461,medicine,1,"""for the discovery that proteins have intrinsic signals that govern their transport and localization in the cell"""
730,Alan,MacDiarmid,male,14/04/1927,New Zealand,Masterton,NZ,07/02/2007,USA,Drexel Hill PA,US,University of Pennsylvania,Philadelphia PA,USA,2000,730,chemistry,3,"""for the discovery and development of conductive polymers"""
734,Xingjian,Gao,male,04/01/1940,China,Ganzhou,CN,0000-00-00,,,,,,,2000,734,literature,1,"""for an œuvre of universal validity bitter insights and linguistic ingenuity which has opened new paths for the Chinese novel and drama"""
733,Daniel L.,McFadden,male,29/07/1937,USA,Raleigh NC,US,0000-00-00,,,,University of California,Berkeley CA,USA,2000,733,economics,2,"""for his development of theory and methods for analyzing discrete choice"""
732,James J.,Heckman,male,19/04/1944,USA,Chicago IL,US,0000-00-00,,,,University of Chicago,Chicago IL,USA,2000,732,economics,2,"""for his development of theory and methods for analyzing selective samples"""
731,Hideki,Shirakawa,male,20/08/1936,Japan,Tokyo,JP,0000-00-00,,,,University of Tsukuba,Tsukuba,Japan,2000,731,chemistry,3,"""for the discovery and development of conductive polymers"""
729,Alan,Heeger,male,22/01/1936,USA,Sioux City IA,US,0000-00-00,,,,University of California,Santa Barbara CA,USA,2000,729,chemistry,3,"""for the discovery and development of conductive polymers"""
723,Paul,Greengard,male,11/12/1925,USA,New York NY,US,13/04/2019,USA,New York NY,US,Rockefeller University,New York NY,USA,2000,723,medicine,3,"""for their discoveries concerning signal transduction in the nervous system"""
727,Herbert,Kroemer,male,25/08/1928,Germany,Weimar,DE,0000-00-00,,,,University of California,Santa Barbara CA,USA,2000,727,physics,4,"""for developing semiconductor heterostructures used in high-speed- and opto-electronics"""
726,Zhores,Alferov,male,15/03/1930,USSR (now Belarus),Vitebsk Belorussia,BY,01/03/2019,Russia,St. Petersburg,RU,A.F. Ioffe Physico-Technical Institute,St. Petersburg,Russia,2000,726,physics,4,"""for developing semiconductor heterostructures used in high-speed- and opto-electronics"""
725,Kim,Dae-jung,male,03/12/1925,Korea (now South Korea),Mokpo,KR,18/08/2009,,,,,,,2000,725,peace,1,"""for his work for democracy and human rights in South Korea and in East Asia in general and for peace and reconciliation with North Korea in particular"""
724,Eric,Kandel,male,07/11/1929,Austria,Vienna,AT,0000-00-00,,,,Columbia University,New York NY,USA,2000,724,medicine,3,"""for their discoveries concerning signal transduction in the nervous system"""
722,Arvid,Carlsson,male,25/01/1923,Sweden,Uppsala,SE,29/06/2018,Sweden,Gothenburg,SE,Göteborg University,Gothenburg,Sweden,2000,722,medicine,3,"""for their discoveries concerning signal transduction in the nervous system"""
728,Jack,Kilby,male,08/11/1923,USA,Jefferson City MO,US,20/06/2005,USA,Dallas TX,US,Texas Instruments,Dallas TX,USA,2000,728,physics,2,"""for his part in the invention of the integrated circuit"""
744,George A.,Akerlof,male,17/06/1940,USA,New Haven CT,US,0000-00-00,,,,University of California,Berkeley CA,USA,2001,744,economics,3,"""for their analyses of markets with asymmetric information"""
749,Kofi,Annan,male,08/04/1938,Gold Coast (now Ghana),Kumasi,GH,18/08/2018,Switzerland,Bern,CH,,,,2001,749,peace,2,"""for their work for a better organized and more peaceful world"""
748,United Nations,,org,1945-00-00,,,,0000-00-00,,,,,,,2001,748,peace,2,"""for their work for a better organized and more peaceful world"""
747,V. S.,Naipaul,male,17/08/1932,Trinidad and Tobago,Chaguanas,TT,11/08/2018,United Kingdom,London,GB,,,,2001,747,literature,1,"""for having united perceptive narrative and incorruptible scrutiny in works that compel us to see the presence of suppressed histories"""
746,Joseph E.,Stiglitz,male,09/02/1943,USA,Gary IN,US,0000-00-00,,,,Columbia University,New York NY,USA,2001,746,economics,3,"""for their analyses of markets with asymmetric information"""
745,A. Michael,Spence,male,1943-00-00,USA,Montclair NJ,US,0000-00-00,,,,Stanford University,Stanford CA,USA,2001,745,economics,3,"""for their analyses of markets with asymmetric information"""
743,Barry,Sharpless,male,28/04/1941,USA,Philadelphia PA,US,0000-00-00,,,,The Scripps Research Institute,La Jolla CA,USA,2001,743,chemistry,2,"""for his work on chirally catalysed oxidation reactions"""
743,Barry,Sharpless,male,28/04/1941,USA,Philadelphia PA,US,0000-00-00,,,,The Scripps Research Institute,La Jolla CA,USA,2022,743,chemistry,3,"""for the development of click chemistry and bioorthogonal chemistry"""
742,Ryoji,Noyori,male,03/09/1938,Japan,Kobe,JP,0000-00-00,,,,Nagoya University,Nagoya,Japan,2001,742,chemistry,4,"""for their work on chirally catalysed hydrogenation reactions"""
741,William,Knowles,male,01/06/1917,USA,Taunton MA,US,13/06/2012,USA,Chesterfield MO,US,,,,2001,741,chemistry,4,"""for their work on chirally catalysed hydrogenation reactions"""
740,Carl,Wieman,male,26/03/1951,USA,Corvallis OR,US,0000-00-00,,,,University of Colorado JILA,Boulder CO,USA,2001,740,physics,3,"""for the achievement of Bose-Einstein condensation in dilute gases of alkali atoms and for early fundamental studies of the properties of the condensates"""
739,Wolfgang,Ketterle,male,21/10/1957,West Germany (now Germany),Heidelberg,DE,0000-00-00,,,,Massachusetts Institute of Technology (MIT),Cambridge MA,USA,2001,739,physics,3,"""for the achievement of Bose-Einstein condensation in dilute gases of alkali atoms and for early fundamental studies of the properties of the condensates"""
738,Eric,Cornell,male,19/12/1961,USA,Palo Alto CA,US,0000-00-00,,,,University of Colorado JILA,Boulder CO,USA,2001,738,physics,3,"""for the achievement of Bose-Einstein condensation in dilute gases of alkali atoms and for early fundamental studies of the properties of the condensates"""
737,Sir Paul,Nurse,male,25/01/1949,United Kingdom,Norwich,GB,0000-00-00,,,,Imperial Cancer Research Fund,London,United Kingdom,2001,737,medicine,3,"""for their discoveries of key regulators of the cell cycle"""
736,Tim,Hunt,male,19/02/1943,United Kingdom,Neston,GB,0000-00-00,,,,Imperial Cancer Research Fund,London,United Kingdom,2001,736,medicine,3,"""for their discoveries of key regulators of the cell cycle"""
735,Leland,Hartwell,male,30/10/1939,USA,Los Angeles CA,US,0000-00-00,,,,Fred Hutchinson Cancer Research Center,Seattle WA,USA,2001,735,medicine,3,"""for their discoveries of key regulators of the cell cycle"""
762,Jimmy,Carter,male,01/10/1924,USA,Plains GA,US,0000-00-00,,,,,,,2002,762,peace,1,"""for his decades of untiring effort to find peaceful solutions to international conflicts to advance democracy and human rights and to promote economic and social development"""
761,Imre,Kertész,male,09/11/1929,Hungary,Budapest,HU,31/03/2016,Hungary,Budapest,HU,,,,2002,761,literature,1,"""for writing that upholds the fragile experience of the individual against the barbaric arbitrariness of history"""
759,Daniel,Kahneman,male,05/03/1934,British Mandate of Palestine (now Israel),Tel Aviv,IL,0000-00-00,,,,Princeton University,Princeton NJ,USA,2002,759,economics,2,"""for having integrated insights from psychological research into economic science especially concerning human judgment and decision-making under uncertainty"""
758,Kurt,Wüthrich,male,04/10/1938,Switzerland,Aarberg,CH,0000-00-00,,,,Eidgenössische Technische Hochschule (Swiss Federal Institute of Technology),Zurich,Switzerland,2002,758,chemistry,2,"""for his development of nuclear magnetic resonance spectroscopy for determining the three-dimensional structure of biological macromolecules in solution"""
757,Koichi,Tanaka,male,03/08/1959,Japan,Toyama City,JP,0000-00-00,,,,Shimadzu Corp.,Kyoto,Japan,2002,757,chemistry,4,"""for their development of soft desorption ionisation methods for mass spectrometric analyses of biological macromolecules"""
756,John B.,Fenn,male,15/06/1917,USA,New York NY,US,10/12/2010,USA,Richmond VA,US,Virginia Commonwealth University,Richmond VA,USA,2002,756,chemistry,4,"""for their development of soft desorption ionisation methods for mass spectrometric analyses of biological macromolecules"""
760,Vernon L.,Smith,male,01/01/1927,USA,Wichita KS,US,0000-00-00,,,,George Mason University,Fairfax VA,USA,2002,760,economics,2,"""for having established laboratory experiments as a tool in empirical economic analysis especially in the study of alternative market mechanisms"""
754,Masatoshi,Koshiba,male,19/09/1926,Japan,Toyohashi,JP,12/11/2020,Japan,Tokyo,JP,University of Tokyo,Tokyo,Japan,2002,754,physics,4,"""for pioneering contributions to astrophysics in particular for the detection of cosmic neutrinos"""
753,Raymond,Davis Jr.,male,14/10/1914,USA,Washington D.C.,US,31/05/2006,USA,Blue Point NY,US,University of Pennsylvania,Philadelphia PA,USA,2002,753,physics,4,"""for pioneering contributions to astrophysics in particular for the detection of cosmic neutrinos"""
752,John E.,Sulston,male,27/03/1942,United Kingdom,Cambridge,GB,06/03/2018,United Kingdom,Stapleford Cambridgeshire,GB,The Wellcome Trust Sanger Institute,Cambridge,United Kingdom,2002,752,medicine,3,"""for their discoveries concerning genetic regulation of organ development and programmed cell death'"""
751,H. Robert,Horvitz,male,08/05/1947,USA,Chicago IL,US,0000-00-00,,,,Massachusetts Institute of Technology (MIT),Cambridge MA,USA,2002,751,medicine,3,"""for their discoveries concerning genetic regulation of organ development and programmed cell death'"""
750,Sydney,Brenner,male,13/01/1927,South Africa,Germiston,ZA,05/04/2019,Singapore,,SG,The Molecular Sciences Institute,Berkeley CA,USA,2002,750,medicine,3,"""for their discoveries concerning genetic regulation of organ development and programmed cell death'"""
755,Riccardo,Giacconi,male,06/10/1931,Italy,Genoa,IT,16/12/2018,USA,La Jolla CA,US,Associated Universities Inc.,Washington D.C.,USA,2002,755,physics,2,"""for pioneering contributions to astrophysics which have led to the discovery of cosmic X-ray sources"""
773,Shirin,Ebadi,female,21/06/1947,Iran,Hamadan,IR,0000-00-00,,,,,,,2003,773,peace,1,"""for her efforts for democracy and human rights. She has focused especially on the struggle for the rights of women and children"""
772,Clive W.J.,Granger,male,04/09/1934,United Kingdom,Swansea,GB,27/05/2009,USA,San Diego CA,US,University of California,San Diego CA,USA,2003,772,economics,2,"""for methods of analyzing economic time series with common trends (cointegration)"""
771,Robert F.,Engle III,male,10/11/1942,USA,Syracuse NY,US,0000-00-00,,,,New York University,New York NY,USA,2003,771,economics,2,"""for methods of analyzing economic time series with time-varying volatility (ARCH)"""
770,Roderick,MacKinnon,male,19/02/1956,USA,Burlington MA,US,0000-00-00,,,,Rockefeller University,New York NY,USA,2003,770,chemistry,2,"""for structural and mechanistic studies of ion channels"""
769,Peter,Agre,male,30/01/1949,USA,Northfield MN,US,0000-00-00,,,,Johns Hopkins University School of Medicine,Baltimore MD,USA,2003,769,chemistry,2,"""for the discovery of water channels"""
768,Anthony J.,Leggett,male,26/03/1938,United Kingdom,London,GB,0000-00-00,,,,University of Illinois,Urbana IL,USA,2003,768,physics,3,"""for pioneering contributions to the theory of superconductors and superfluids"""
767,Vitaly L.,Ginzburg,male,04/10/1916,Russia,Moscow,RU,08/11/2009,,,,P.N. Lebedev Physical Institute,Moscow,Russia,2003,767,physics,3,"""for pioneering contributions to the theory of superconductors and superfluids"""
765,Sir Peter,Mansfield,male,09/10/1933,United Kingdom,London,GB,08/02/2017,,,,University of Nottingham School of Physics and Astronomy,Nottingham,United Kingdom,2003,765,medicine,2,"""for their discoveries concerning magnetic resonance imaging"""
764,Paul C.,Lauterbur,male,06/05/1929,USA,Sidney OH,US,27/03/2007,USA,Urbana IL,US,University of Illinois,Urbana IL,USA,2003,764,medicine,2,"""for their discoveries concerning magnetic resonance imaging"""
763,J. M.,Coetzee,male,09/02/1940,South Africa,Cape Town,ZA,0000-00-00,,,,,,,2003,763,literature,1,"""who in innumerable guises portrays the surprising involvement of the outsider"""
766,Alexei,Abrikosov,male,25/06/1928,USSR (now Russia),Moscow,RU,29/03/2017,,,,Argonne National Laboratory,Argonne IL,USA,2003,766,physics,3,"""for pioneering contributions to the theory of superconductors and superfluids"""
787,Edward C.,Prescott,male,26/12/1940,USA,Glens Falls NY,US,06/11/2022,USA,Paradise Valley AZ,US,Arizona State University,Tempe AZ,USA,2004,787,economics,2,"""for their contributions to dynamic macroeconomics: the time consistency of economic policy and the driving forces behind business cycles"""
781,Irwin,Rose,male,16/07/1926,USA,Brooklyn NY,US,03/06/2015,USA,Deerfield MA,US,University of California,Irvine CA,USA,2004,781,chemistry,3,"""for the discovery of ubiquitin-mediated protein degradation"""
786,Finn E.,Kydland,male,01/12/1943,Norway,Gjesdal,NO,0000-00-00,,,,Carnegie Mellon University,Pittsburgh PA,USA,2004,786,economics,2,"""for their contributions to dynamic macroeconomics: the time consistency of economic policy and the driving forces behind business cycles"""
783,Wangari,Maathai,female,01/04/1940,Kenya,Nyeri,KE,25/09/2011,Kenya,Nairobi,KE,,,,2004,783,peace,1,"""for her contribution to sustainable development democracy and peace"""
782,Elfriede,Jelinek,female,20/10/1946,Austria,Mürzzuschlag,AT,0000-00-00,,,,,,,2004,782,literature,1,"""for her musical flow of voices and counter-voices in novels and plays that with extraordinary linguistic zeal reveal the absurdity of society's clich&eacute;s and their subjugating power"""
780,Avram,Hershko,male,31/12/1937,Hungary,Karcag,HU,0000-00-00,,,,Technion - Israel Institute of Technology,Haifa,Israel,2004,780,chemistry,3,"""for the discovery of ubiquitin-mediated protein degradation"""
776,David J.,Gross,male,19/02/1941,USA,Washington D.C.,US,0000-00-00,,,,University of California Kavli Institute for Theoretical Physics,Santa Barbara CA,USA,2004,776,physics,3,"""for the discovery of asymptotic freedom in the theory of the strong interaction"""
778,Frank,Wilczek,male,15/05/1951,USA,New York NY,US,0000-00-00,,,,Massachusetts Institute of Technology (MIT),Cambridge MA,USA,2004,778,physics,3,"""for the discovery of asymptotic freedom in the theory of the strong interaction"""
777,H. David,Politzer,male,31/08/1949,USA,New York NY,US,0000-00-00,,,,California Institute of Technology (Caltech),Pasadena CA,USA,2004,777,physics,3,"""for the discovery of asymptotic freedom in the theory of the strong interaction"""
775,Linda B.,Buck,female,29/01/1947,USA,Seattle WA,US,0000-00-00,,,,Fred Hutchinson Cancer Research Center,Seattle WA,USA,2004,775,medicine,2,"""for their discoveries of odorant receptors and the organization of the olfactory system"""
774,Richard,Axel,male,02/07/1946,USA,New York NY,US,0000-00-00,,,,Columbia University,New York NY,USA,2004,774,medicine,2,"""for their discoveries of odorant receptors and the organization of the olfactory system"""
779,Aaron,Ciechanover,male,01/10/1947,British Protectorate of Palestine (now Israel),Haifa,IL,0000-00-00,,,,Technion - Israel Institute of Technology,Haifa,Israel,2004,779,chemistry,3,"""for the discovery of ubiquitin-mediated protein degradation"""
801,Harold,Pinter,male,10/10/1930,United Kingdom,London,GB,24/12/2008,United Kingdom,London,GB,,,,2005,801,literature,1,"""who in his plays uncovers the precipice under everyday prattle and forces entry into oppression's closed rooms"""
800,Thomas C.,Schelling,male,14/04/1921,USA,Oakland CA,US,13/12/2016,USA,Bethesda MD,US,University of Maryland Department of Economics and School of Public Policy,College Park MD,USA,2005,800,economics,2,"""for having enhanced our understanding of conflict and cooperation through game-theory analysis"""
798,Mohamed,ElBaradei,male,17/06/1942,Egypt,Cairo,EG,0000-00-00,,,,,,,2005,798,peace,2,"""for their efforts to prevent nuclear energy from being used for military purposes and to ensure that nuclear energy for peaceful purposes is used in the safest possible way"""
797,International Atomic Energy Agency,,org,1957-00-00,,,,0000-00-00,,,,,,,2005,797,peace,2,"""for their efforts to prevent nuclear energy from being used for military purposes and to ensure that nuclear energy for peaceful purposes is used in the safest possible way"""
796,Richard R.,Schrock,male,04/01/1945,USA,Berne IN,US,0000-00-00,,,,Massachusetts Institute of Technology (MIT),Cambridge MA,USA,2005,796,chemistry,3,"""for the development of the metathesis method in organic synthesis"""
795,Robert H.,Grubbs,male,27/02/1942,USA,Possum Trot KY,US,19/12/2021,USA,Duarte CA,US,California Institute of Technology (Caltech),Pasadena CA,USA,2005,795,chemistry,3,"""for the development of the metathesis method in organic synthesis"""
799,Robert J.,Aumann,male,08/06/1930,Germany,Frankfurt-on-the-Main,DE,0000-00-00,,,,University of Jerusalem Center for RationalityHebrew,Jerusalem,Israel,2005,799,economics,2,"""for having enhanced our understanding of conflict and cooperation through game-theory analysis"""
793,Theodor W.,Hänsch,male,30/10/1941,Germany,Heidelberg,DE,0000-00-00,,,,Max-Planck-Institut für Quantenoptik,Garching,Germany,2005,793,physics,4,"""for their contributions to the development of laser-based precision spectroscopy including the optical frequency comb technique"""
792,John L.,Hall,male,21/08/1934,USA,Denver CO,US,0000-00-00,,,,University of Colorado JILA,Boulder CO,USA,2005,792,physics,4,"""for their contributions to the development of laser-based precision spectroscopy including the optical frequency comb technique"""
791,Roy J.,Glauber,male,01/09/1925,USA,New York NY,US,26/12/2018,USA,Newton MA,US,Harvard University,Cambridge MA,USA,2005,791,physics,2,"""for his contribution to the quantum theory of optical coherence"""
790,J. Robin,Warren,male,11/06/1937,Australia,Adelaide,AU,0000-00-00,,,,,,,2005,790,medicine,2,"""for their discovery of the bacterium <i>Helicobacter pylori</i> and its role in gastritis and peptic ulcer disease"""
789,Barry J.,Marshall,male,30/09/1951,Australia,Kalgoorlie,AU,0000-00-00,,,,NHMRC Helicobacter pylori Research Laboratory QEII Medical Centre,Nedlands,Australia,2005,789,medicine,2,"""for their discovery of the bacterium <i>Helicobacter pylori</i> and its role in gastritis and peptic ulcer disease"""
794,Yves,Chauvin,male,10/10/1930,Belgium,Menin,BE,27/01/2015,France,Tours,FR,Institut Français du Pétrole,Rueil-Malmaison,France,2005,794,chemistry,3,"""for the development of the metathesis method in organic synthesis"""
810,Grameen Bank,,org,1976-00-00,,,,0000-00-00,,,,,,,2006,810,peace,2,"""for their efforts to create economic and social development from below"""
809,Muhammad,Yunus,male,28/06/1940,British India (now Bangladesh),Chittagong,BD,0000-00-00,,,,,,,2006,809,peace,2,"""for their efforts to create economic and social development from below"""
808,Orhan,Pamuk,male,07/06/1952,Turkey,Istanbul,TR,0000-00-00,,,,,,,2006,808,literature,1,"""who in the quest for the melancholic soul of his native city has discovered new symbols for the clash and interlacing of cultures"""
807,Edmund S.,Phelps,male,26/07/1933,USA,Evanston IL,US,0000-00-00,,,,Columbia University,New York NY,USA,2006,807,economics,1,"""for his analysis of intertemporal tradeoffs in macroeconomic policy"""
806,Roger D.,Kornberg,male,24/04/1947,USA,St. Louis MO,US,0000-00-00,,,,Stanford University,Stanford CA,USA,2006,806,chemistry,1,"""for his studies of the molecular basis of eukaryotic transcription"""
805,George F.,Smoot,male,20/02/1945,USA,Yukon FL,US,0000-00-00,,,,University of California,Berkeley CA,USA,2006,805,physics,2,"""for their discovery of the blackbody form and anisotropy of the cosmic microwave background radiation"""
803,Craig C.,Mello,male,18/10/1960,USA,New Haven CT,US,0000-00-00,,,,University of Massachusetts Medical School,Worcester MA,USA,2006,803,medicine,2,"""for their discovery of RNA interference - gene silencing by double-stranded RNA"""
802,Andrew Z.,Fire,male,27/04/1959,USA,Stanford CA,US,0000-00-00,,,,Stanford University School of Medicine,Stanford CA,USA,2006,802,medicine,2,"""for their discovery of RNA interference - gene silencing by double-stranded RNA"""
804,John C.,Mather,male,07/08/1946,USA,Roanoke VA,US,0000-00-00,,,,NASA Goddard Space Flight Center,Greenbelt MD,USA,2006,804,physics,2,"""for their discovery of the blackbody form and anisotropy of the cosmic microwave background radiation"""
822,Roger B.,Myerson,male,29/03/1951,USA,Boston MA,US,0000-00-00,,,,University of Chicago,Chicago IL,USA,2007,822,economics,3,"""for having laid the foundations of mechanism design theory"""
821,Eric S.,Maskin,male,12/12/1950,USA,New York NY,US,0000-00-00,,,,Institute for Advanced Study,Princeton NJ,USA,2007,821,economics,3,"""for having laid the foundations of mechanism design theory"""
820,Leonid,Hurwicz,male,21/08/1917,Russia,Moscow,RU,24/06/2008,USA,Minneapolis MN,US,University of Minnesota,Minneapolis MN,USA,2007,820,economics,3,"""for having laid the foundations of mechanism design theory"""
819,Al,Gore,male,31/03/1948,USA,Washington D.C.,US,0000-00-00,,,,,,,2007,819,peace,2,"""for their efforts to build up and disseminate greater knowledge about man-made climate change and to lay the foundations for the measures that are needed to counteract such change"""
818,Intergovernmental Panel on Climate Change,,org,1988-00-00,,,,0000-00-00,,,,,,,2007,818,peace,2,"""for their efforts to build up and disseminate greater knowledge about man-made climate change and to lay the foundations for the measures that are needed to counteract such change"""
816,Gerhard,Ertl,male,10/10/1936,Germany,Bad Cannstatt,DE,0000-00-00,,,,Fritz-Haber-Institut der Max-Planck-Gesellschaft,Berlin,Germany,2007,816,chemistry,1,"""for his studies of chemical processes on solid surfaces"""
817,Doris,Lessing,female,22/10/1919,Persia (now Iran),Kermanshah,IR,17/11/2013,United Kingdom,London,GB,,,,2007,817,literature,1,"""that epicist of the female experience who with scepticism fire and visionary power has subjected a divided civilisation to scrutiny"""
814,Albert,Fert,male,07/03/1938,France,Carcassonne,FR,0000-00-00,,,,Universit&eacute; Paris-Sud,Orsay,France,2007,814,physics,2,"""for the discovery of Giant Magnetoresistance"""
813,Oliver,Smithies,male,23/06/1925,United Kingdom,Halifax,GB,10/01/2017,USA,Chapel Hill NC,US,University of North Carolina,Chapel Hill NC,USA,2007,813,medicine,3,"""for their discoveries of principles for introducing specific gene modifications in mice by the use of embryonic stem cells"""
812,Sir Martin J.,Evans,male,01/01/1941,United Kingdom,Stroud,GB,0000-00-00,,,,Cardiff University,Cardiff,United Kingdom,2007,812,medicine,3,"""for their discoveries of principles for introducing specific gene modifications in mice by the use of embryonic stem cells"""
811,Mario R.,Capecchi,male,06/10/1937,Italy,Verona,IT,0000-00-00,,,,University of Utah,Salt Lake City UT,USA,2007,811,medicine,3,"""for their discoveries of principles for introducing specific gene modifications in mice by the use of embryonic stem cells"""
815,Peter,Grünberg,male,18/05/1939,Czechoslovakia (now Czech Republic),Plzen,CZ,09/04/2018,Germany,Jülich,DE,Forschungszentrum J&uuml;lich,Jülich,Germany,2007,815,physics,2,"""for the discovery of Giant Magnetoresistance"""
833,Martti,Ahtisaari,male,23/06/1937,Finland,Viipuri (now Vyborg),FI,0000-00-00,,,,,,,2008,833,peace,1,"""for his important efforts on several continents and over more than three decades to resolve international conflicts"""
832,Jean-Marie Gustave,Le Clézio,male,13/04/1940,France,Nice,FR,0000-00-00,,,,,,,2008,832,literature,1,"""author of new departures poetic adventure and sensual ecstasy explorer of a humanity beyond and below the reigning civilization"""
831,Roger Y.,Tsien,male,01/02/1952,USA,New York NY,US,24/08/2016,USA,Eugene OR,US,University of California,San Diego CA,USA,2008,831,chemistry,3,"""for the discovery and development of the green fluorescent protein GFP"""
830,Martin,Chalfie,male,15/01/1947,USA,Chicago IL,US,0000-00-00,,,,Columbia University,New York NY,USA,2008,830,chemistry,3,"""for the discovery and development of the green fluorescent protein GFP"""
829,Osamu,Shimomura,male,27/08/1928,Japan,Kyoto,JP,19/10/2018,Japan,Nagasaki,JP,Marine Biological Laboratory (MBL),Woods Hole MA,USA,2008,829,chemistry,3,"""for the discovery and development of the green fluorescent protein GFP"""
828,Toshihide,Maskawa,male,07/02/1940,Japan,Nagoya,JP,23/07/2021,Japan,Kyoto,JP,Kyoto Sangyo University,Kyoto,Japan,2008,828,physics,4,"""for the discovery of the origin of the broken symmetry which predicts the existence of at least three families of quarks in nature"""
834,Paul,Krugman,male,28/02/1953,USA,New York NY,US,0000-00-00,,,,Princeton University,Princeton NJ,USA,2008,834,economics,1,"""for his analysis of trade patterns and location of economic activity"""
826,Yoichiro,Nambu,male,18/01/1921,Japan,Tokyo,JP,05/07/2015,Japan,Osaka,JP,Enrico Fermi Institute University of Chicago,Chicago IL,USA,2008,826,physics,2,"""for the discovery of the mechanism of spontaneous broken symmetry in subatomic physics"""
825,Luc,Montagnier,male,18/08/1932,France,Chabris,FR,08/02/2022,France,Paris,FR,World Foundation for AIDS Research and Prevention,Paris,France,2008,825,medicine,4,"""for their discovery of human immunodeficiency virus"""
824,Françoise,Barré-Sinoussi,female,30/07/1947,France,Paris,FR,0000-00-00,,,,Regulation of Retroviral Infections Unit Virology Department Institut Pasteur,Paris,France,2008,824,medicine,4,"""for their discovery of human immunodeficiency virus"""
823,Harald,zur Hausen,male,11/03/1936,Germany,Gelsenkirchen,DE,0000-00-00,,,,German Cancer Research Center,Heidelberg,Germany,2008,823,medicine,2,"""for his discovery of human papilloma viruses causing cervical cancer"""
827,Makoto,Kobayashi,male,07/04/1944,Japan,Nagoya,JP,0000-00-00,,,,High Energy Accelerator Research Organization (KEK),Tsukuba,Japan,2008,827,physics,4,"""for the discovery of the origin of the broken symmetry which predicts the existence of at least three families of quarks in nature"""
847,Oliver E.,Williamson,male,27/09/1932,USA,Superior WI,US,0000-00-00,,,,University of California,Berkeley CA,USA,2009,847,economics,2,"""for his analysis of economic governance especially the boundaries of the firm"""
846,Elinor,Ostrom,female,07/08/1933,USA,Los Angeles CA,US,12/06/2012,USA,Bloomington IN,US,Indiana University,Bloomington IN,USA,2009,846,economics,2,"""for her analysis of economic governance especially the commons"""
845,Barack,Obama,male,04/08/1961,USA,Honolulu HI,US,0000-00-00,,,,,,,2009,845,peace,1,"""for his extraordinary efforts to strengthen international diplomacy and cooperation between peoples"""
844,Herta,Müller,female,17/08/1953,Romania,Nitzkydorf Banat,RO,0000-00-00,,,,,,,2009,844,literature,1,"""who with the concentration of poetry and the frankness of prose depicts the landscape of the dispossessed"""
843,Ada E.,Yonath,female,22/06/1939,British Mandate of Palestine (now Israel),Jerusalem,IL,0000-00-00,,,,Weizmann Institute of Science,Rehovot,Israel,2009,843,chemistry,3,"""for studies of the structure and function of the ribosome"""
842,Thomas A.,Steitz,male,23/08/1940,USA,Milwaukee WI,US,23/08/2018,USA,Branford CT,US,Yale University,New Haven CT,USA,2009,842,chemistry,3,"""for studies of the structure and function of the ribosome"""
841,Venkatraman,Ramakrishnan,male,1952-00-00,India,Chidambaram Tamil Nadu,IN,0000-00-00,,,,MRC Laboratory of Molecular Biology,Cambridge,United Kingdom,2009,841,chemistry,3,"""for studies of the structure and function of the ribosome"""
840,George E.,Smith,male,10/05/1930,USA,White Plains NY,US,0000-00-00,,,,Bell Laboratories,Murray Hill NJ,USA,2009,840,physics,4,"""for the invention of an imaging semiconductor circuit - the CCD sensor"""
838,Charles K.,Kao,male,04/11/1933,China,Shanghai,CN,23/09/2018,,Hong Kong,,Standard Telecommunication Laboratories,Harlow,United Kingdom,2009,838,physics,2,"""for groundbreaking achievements concerning the transmission of light in fibers for optical communication"""
837,Jack W.,Szostak,male,09/11/1952,United Kingdom,London,GB,0000-00-00,,,,Harvard Medical School,Boston MA,USA,2009,837,medicine,3,"""for the discovery of how chromosomes are protected by telomeres and the enzyme telomerase"""
836,Carol W.,Greider,female,15/04/1961,USA,San Diego CA,US,0000-00-00,,,,Johns Hopkins University School of Medicine,Baltimore MD,USA,2009,836,medicine,3,"""for the discovery of how chromosomes are protected by telomeres and the enzyme telomerase"""
835,Elizabeth H.,Blackburn,female,26/11/1948,Australia,Hobart Tasmania,AU,0000-00-00,,,,University of California,San Francisco CA,USA,2009,835,medicine,3,"""for the discovery of how chromosomes are protected by telomeres and the enzyme telomerase"""
839,Willard S.,Boyle,male,19/08/1924,Canada,Amherst NS,CA,07/05/2011,Canada,Truro NS,CA,Bell Laboratories,Murray Hill NJ,USA,2009,839,physics,4,"""for the invention of an imaging semiconductor circuit - the CCD sensor"""
857,Dale T.,Mortensen,male,02/02/1939,USA,Enterprise OR,US,09/01/2014,USA,Wilmette IL,US,Northwestern University,Evanston IL,USA,2010,857,economics,3,"""for their analysis of markets with search frictions"""
854,Mario,Vargas Llosa,male,28/03/1936,Peru,Arequipa,PE,0000-00-00,,,,,,,2010,854,literature,1,"""for his cartography of structures of power and his trenchant images of the individual's resistance revolt and defeat"""
858,Christopher A.,Pissarides,male,20/02/1948,Cyprus,Nicosia,CY,0000-00-00,,,,London School of Economics and Political Science,London,United Kingdom,2010,858,economics,3,"""for their analysis of markets with search frictions"""
855,Xiaobo,Liu,male,28/12/1955,China,Changchun,CN,13/07/2017,China,Shenyang,CN,,,,2010,855,peace,1,"""for his long and non-violent struggle for fundamental human rights in China"""
853,Akira,Suzuki,male,12/09/1930,Japan,Mukawa,JP,0000-00-00,,,,Hokkaido University,Sapporo,Japan,2010,853,chemistry,3,"""for palladium-catalyzed cross couplings in organic synthesis"""
856,Peter A.,Diamond,male,29/04/1940,USA,New York NY,US,0000-00-00,,,,Massachusetts Institute of Technology (MIT),Cambridge MA,USA,2010,856,economics,3,"""for their analysis of markets with search frictions"""
851,Richard F.,Heck,male,15/08/1931,USA,Springfield MA,US,09/10/2015,Philippines,Manila,PH,University of Delaware,,USA,2010,851,chemistry,3,"""for palladium-catalyzed cross couplings in organic synthesis"""
850,Konstantin,Novoselov,male,23/08/1974,Russia,Nizhny Tagil,RU,0000-00-00,,,,University of Manchester,Manchester,United Kingdom,2010,850,physics,2,"""for groundbreaking experiments regarding the two-dimensional material graphene"""
849,Andre,Geim,male,21/10/1958,Russia,Sochi,RU,0000-00-00,,,,University of Manchester,Manchester,United Kingdom,2010,849,physics,2,"""for groundbreaking experiments regarding the two-dimensional material graphene"""
848,Robert G.,Edwards,male,27/09/1925,United Kingdom,Batley,GB,10/04/2013,United Kingdom,Cambridge,GB,University of Cambridge,Cambridge,United Kingdom,2010,848,medicine,1,"""for the development of in vitro fertilization"""
852,Ei-ichi,Negishi,male,14/07/1935,China,Changchun,CN,06/06/2021,USA,Indianapolis IN,US,Purdue University,West Lafayette IN,USA,2010,852,chemistry,3,"""for palladium-catalyzed cross couplings in organic synthesis"""
873,Christopher A.,Sims,male,21/10/1942,USA,Washington D.C.,US,0000-00-00,,,,Princeton University,Princeton NJ,USA,2011,873,economics,2,"""for their empirical research on cause and effect in the macroeconomy"""
871,Tawakkol,Karman,female,07/02/1979,Yemen,Ta'izz,YE,0000-00-00,,,,,,,2011,871,peace,3,"""for their non-violent struggle for the safety of women and for women's rights to full participation in peace-building work"""
870,Leymah,Gbowee,female,01/02/1972,Liberia,Monrovia,LR,0000-00-00,,,,,,,2011,870,peace,3,"""for their non-violent struggle for the safety of women and for women's rights to full participation in peace-building work"""
869,Ellen,Johnson Sirleaf,female,29/10/1938,Liberia,Monrovia,LR,0000-00-00,,,,,,,2011,869,peace,3,"""for their non-violent struggle for the safety of women and for women's rights to full participation in peace-building work"""
868,Tomas,Tranströmer,male,15/04/1931,Sweden,Stockholm,SE,26/03/2015,Sweden,Stockholm,SE,,,,2011,868,literature,1,"""because through his condensed translucent images he gives us fresh access to reality"""
867,Dan,Shechtman,male,24/01/1941,British Mandate of Palestine (now Israel),Tel Aviv,IL,0000-00-00,,,,Technion - Israel Institute of Technology,Haifa,Israel,2011,867,chemistry,1,"""for the discovery of quasicrystals"""
872,Thomas J.,Sargent,male,19/07/1943,USA,Pasadena CA,US,0000-00-00,,,,New York University,New York NY,USA,2011,872,economics,2,"""for their empirical research on cause and effect in the macroeconomy"""
865,Brian P.,Schmidt,male,24/02/1967,USA,Missoula MT,US,0000-00-00,,,,Australian National University,Weston Creek,Australia,2011,865,physics,4,"""for the discovery of the accelerating expansion of the Universe through observations of distant supernovae"""
864,Saul,Perlmutter,male,1959-00-00,USA,Champaign-Urbana IL,US,0000-00-00,,,,Lawrence Berkeley National Laboratory,Berkeley CA,USA,2011,864,physics,2,"""for the discovery of the accelerating expansion of the Universe through observations of distant supernovae"""
863,Ralph M.,Steinman,male,14/01/1943,Canada,Montreal,CA,30/09/2011,USA,New York NY,US,Rockefeller University,New York NY,USA,2011,863,medicine,2,"""for his discovery of the dendritic cell and its role in adaptive immunity"""
862,Jules A.,Hoffmann,male,02/08/1941,Luxembourg,Echternach,LU,0000-00-00,,,,University of Strasbourg,Strasbourg,France,2011,862,medicine,4,"""for their discoveries concerning the activation of innate immunity"""
861,Bruce A.,Beutler,male,29/12/1957,USA,Chicago IL,US,0000-00-00,,,,University of Texas Southwestern Medical Center at Dallas,Dallas TX,USA,2011,861,medicine,4,"""for their discoveries concerning the activation of innate immunity"""
866,Adam G.,Riess,male,16/12/1969,USA,Washington D.C.,US,0000-00-00,,,,Johns Hopkins University,Baltimore MD,USA,2011,866,physics,4,"""for the discovery of the accelerating expansion of the Universe through observations of distant supernovae"""
883,Lloyd S.,Shapley,male,02/06/1923,USA,Cambridge MA,US,12/03/2016,USA,Tucson AZ,US,University of California,Los Angeles CA,USA,2012,883,economics,2,"""for the theory of stable allocations and the practice of market design"""
882,Alvin E.,Roth,male,18/12/1951,USA,New York NY,US,0000-00-00,,,,Harvard University,Cambridge MA,USA,2012,882,economics,2,"""for the theory of stable allocations and the practice of market design"""
881,European Union,,org,1952-00-00,,,,0000-00-00,,,,,,,2012,881,peace,1,"""for over six decades contributed to the advancement of peace and reconciliation democracy and human rights in Europe"""
880,Mo,Yan,male,02/02/1955,China,Gaomi,CN,0000-00-00,,,,,,,2012,880,literature,1,"""who with hallucinatory realism merges folk tales history and the contemporary"""
879,Brian,Kobilka,male,30/05/1955,USA,Little Falls MN,US,0000-00-00,,,,Stanford University School of Medicine,Stanford CA,USA,2012,879,chemistry,2,"""for studies of G-protein-coupled receptors"""
878,Robert J.,Lefkowitz,male,15/04/1943,USA,New York NY,US,0000-00-00,,,,Howard Hughes Medical Institute,,USA,2012,878,chemistry,2,"""for studies of G-protein-coupled receptors"""
876,Serge,Haroche,male,11/09/1944,Morocco,Casablanca,MA,0000-00-00,,,,Collège de France,Paris,France,2012,876,physics,2,"""for ground-breaking experimental methods that enable measuring and manipulation of individual quantum systems"""
875,Shinya,Yamanaka,male,04/09/1962,Japan,Osaka,JP,0000-00-00,,,,Kyoto University,Kyoto,Japan,2012,875,medicine,2,"""for the discovery that mature cells can be reprogrammed to become pluripotent"""
874,Sir John B.,Gurdon,male,02/10/1933,United Kingdom,Dippenhall,GB,0000-00-00,,,,Gurdon Institute,Cambridge,United Kingdom,2012,874,medicine,2,"""for the discovery that mature cells can be reprogrammed to become pluripotent"""
877,David J.,Wineland,male,24/02/1944,USA,Milwaukee WI,US,0000-00-00,,,,National Institute of Standards and Technology,Boulder CO,USA,2012,877,physics,2,"""for ground-breaking experimental methods that enable measuring and manipulation of individual quantum systems"""
896,Robert J.,Shiller,male,29/03/1946,USA,Detroit MI,US,0000-00-00,,,,Yale University,New Haven CT,USA,2013,896,economics,3,"""for their empirical analysis of asset prices"""
891,Arieh,Warshel,male,20/11/1940,British Mandate of Palestine (now Israel),Kibbutz Sde-Nahum,IL,0000-00-00,,,,University of Southern California,Los Angeles CA,USA,2013,891,chemistry,3,"""for the development of multiscale models for complex chemical systems"""
895,Lars Peter,Hansen,male,26/10/1952,USA,Urbana IL,US,0000-00-00,,,,University of Chicago,Chicago IL,USA,2013,895,economics,3,"""for their empirical analysis of asset prices"""
894,Eugene F.,Fama,male,14/02/1939,USA,Boston MA,US,0000-00-00,,,,University of Chicago,Chicago IL,USA,2013,894,economics,3,"""for their empirical analysis of asset prices"""
893,Organisation for the Prohibition of Chemical Weapons,,org,1997-00-00,,,,0000-00-00,,,,,,,2013,893,peace,1,"""for its extensive efforts to eliminate chemical weapons"""
892,Alice,Munro,female,10/07/1931,Canada,Wingham,CA,0000-00-00,,,,,,,2013,892,literature,1,"""master of the contemporary short story"""
890,Michael,Levitt,male,09/05/1947,South Africa,Pretoria,ZA,0000-00-00,,,,Stanford University School of Medicine,Stanford CA,USA,2013,890,chemistry,3,"""for the development of multiscale models for complex chemical systems"""
889,Martin,Karplus,male,15/03/1930,Austria,Vienna,AT,0000-00-00,,,,Université de Strasbourg,Strasbourg,France,2013,889,chemistry,3,"""for the development of multiscale models for complex chemical systems"""
888,Peter,Higgs,male,29/05/1929,United Kingdom,Newcastle upon Tyne,GB,0000-00-00,,,,University of Edinburgh,Edinburgh,United Kingdom,2013,888,physics,2,"""for the theoretical discovery of a mechanism that contributes to our understanding of the origin of mass of subatomic particles and which recently was confirmed through the discovery of the predicted fundamental particle by the ATLAS and CMS experiments at CERN's Large Hadron Collider"""
887,François,Englert,male,06/11/1932,Belgium,Etterbeek,BE,0000-00-00,,,,Université Libre de Bruxelles,Brussels,Belgium,2013,887,physics,2,"""for the theoretical discovery of a mechanism that contributes to our understanding of the origin of mass of subatomic particles and which recently was confirmed through the discovery of the predicted fundamental particle by the ATLAS and CMS experiments at CERN's Large Hadron Collider"""
886,Thomas C.,Südhof,male,22/12/1955,Germany,Göttingen,DE,0000-00-00,,,,Stanford University,Stanford CA,USA,2013,886,medicine,3,"""for their discoveries of machinery regulating vesicle traffic a major transport system in our cells"""
885,Randy W.,Schekman,male,30/12/1948,USA,St. Paul MN,US,0000-00-00,,,,University of California,Berkeley CA,USA,2013,885,medicine,3,"""for their discoveries of machinery regulating vesicle traffic a major transport system in our cells"""
884,James E.,Rothman,male,03/11/1950,USA,Haverhill MA,US,0000-00-00,,,,Yale University,New Haven CT,USA,2013,884,medicine,3,"""for their discoveries of machinery regulating vesicle traffic a major transport system in our cells"""
915,Jean,Tirole,male,09/08/1953,France,Troyes,FR,0000-00-00,,,,Toulouse School of Economics (TSE),Toulouse,France,2014,915,economics,1,"""for his analysis of market power and regulation"""
914,Malala,Yousafzai,female,12/07/1997,Pakistan,Mingora,PK,0000-00-00,,,,,,,2014,914,peace,2,"""for their struggle against the suppression of children and young people and for the right of all children to education"""
912,Patrick,Modiano,male,30/07/1945,France,Paris,FR,0000-00-00,,,,,,,2014,912,literature,1,"""for the art of memory with which he has evoked the most ungraspable human destinies and
uncovered the life-world of the occupation"""
911,William E.,Moerner,male,24/06/1953,USA,Pleasanton CA,US,0000-00-00,,,,Stanford University,Stanford CA,USA,2014,911,chemistry,3,"""for the development of super-resolved fluorescence microscopy"""
910,Stefan W.,Hell,male,23/12/1962,Romania,Arad,RO,0000-00-00,,,,Max Planck Institute for Biophysical Chemistry,Göttingen,Germany,2014,910,chemistry,3,"""for the development of super-resolved fluorescence microscopy"""
909,Eric,Betzig,male,13/01/1960,USA,Ann Arbor MI,US,0000-00-00,,,,Janelia Research Campus Howard Hughes Medical Institute,Ashburn VA,USA,2014,909,chemistry,3,"""for the development of super-resolved fluorescence microscopy"""
913,Kailash,Satyarthi,male,11/01/1954,India,Vidisha,IN,0000-00-00,,,,,,,2014,913,peace,2,"""for their struggle against the suppression of children and young people and for the right of all children to education"""
907,Hiroshi,Amano,male,11/09/1960,Japan,Hamamatsu,JP,0000-00-00,,,,Nagoya University,Nagoya,Japan,2014,907,physics,3,"""for the invention of efficient blue light-emitting diodes which has enabled bright and energy-saving white light sources"""
906,Isamu,Akasaki,male,30/01/1929,Japan,Chiran,JP,01/04/2021,Japan,Nagoya,JP,Meijo University,Nagoya,Japan,2014,906,physics,3,"""for the invention of efficient blue light-emitting diodes which has enabled bright and energy-saving white light sources"""
905,Edvard I.,Moser,male,27/04/1962,Norway,Ålesund,NO,0000-00-00,,,,Norwegian University of Science and Technology (NTNU),Trondheim,Norway,2014,905,medicine,4,"""for their discoveries of cells that constitute a positioning system in the brain"""
904,May-Britt,Moser,female,04/01/1963,Norway,Fosnavåg,NO,0000-00-00,,,,Norwegian University of Science and Technology (NTNU),Trondheim,Norway,2014,904,medicine,4,"""for their discoveries of cells that constitute a positioning system in the brain"""
903,John,O'Keefe,male,18/11/1939,USA,New York NY,US,0000-00-00,,,,University College,London,United Kingdom,2014,903,medicine,2,"""for their discoveries of cells that constitute a positioning system in the brain"""
908,Shuji,Nakamura,male,22/05/1954,Japan,Ikata,JP,0000-00-00,,,,University of California,Santa Barbara CA,USA,2014,908,physics,3,"""for the invention of efficient blue light-emitting diodes which has enabled bright and energy-saving white light sources"""
926,Angus,Deaton,male,19/10/1945,Scotland,Edinburgh,GB,0000-00-00,,,,Princeton University,Princeton NJ,USA,2015,926,economics,1,"""for his analysis of consumption poverty and welfare"""
925,National Dialogue Quartet,,org,2013-00-00,,,,0000-00-00,,,,,,,2015,925,peace,1,"""for its decisive contribution to the building of a pluralistic democracy in Tunisia in the wake of the Jasmine Revolution of 2011"""
924,Svetlana,Alexievich,female,31/05/1948,Ukraine,Ivano-Frankivsk,UA,0000-00-00,,,,,,,2015,924,literature,1,"""for her polyphonic writings a monument to suffering and courage in our time"""
923,Aziz,Sancar,male,08/09/1946,Turkey,Savur,TR,0000-00-00,,,,University of North Carolina,Chapel Hill NC,USA,2015,923,chemistry,3,"""for mechanistic studies of DNA repair"""
922,Paul,Modrich,male,13/06/1946,USA,Raton NM,US,0000-00-00,,,,Howard Hughes Medical Institute,Durham NC,USA,2015,922,chemistry,3,"""for mechanistic studies of DNA repair"""
921,Tomas,Lindahl,male,28/01/1938,Sweden,Stockholm,SE,0000-00-00,,,,Francis Crick Institute,Hertfordshire,United Kingdom,2015,921,chemistry,3,"""for mechanistic studies of DNA repair"""
919,Takaaki,Kajita,male,09/03/1959,Japan,Higashimatsuyama,JP,0000-00-00,,,,University of Tokyo,Kashiwa,Japan,2015,919,physics,2,"""for the discovery of neutrino oscillations which shows that neutrinos have mass"""
918,Youyou,Tu,female,30/12/1930,China,Zhejiang Ningbo,CN,0000-00-00,,,,China Academy of Traditional Chinese Medicine,Beijing,China,2015,918,medicine,2,"""for her discoveries concerning a novel therapy against Malaria"""
917,Satoshi,Ōmura,male,12/07/1935,Japan,Yamanashi Prefecture,JP,0000-00-00,,,,Kitasato University,Tokyo,Japan,2015,917,medicine,4,"""for their discoveries concerning a novel therapy against infections caused by roundworm parasites"""
916,William C.,Campbell,male,28/06/1930,Ireland,Ramelton,IE,0000-00-00,,,,Drew University,Madison NJ,USA,2015,916,medicine,4,"""for their discoveries concerning a novel therapy against infections caused by roundworm parasites"""
920,Arthur B.,McDonald,male,29/08/1943,Canada,Sydney,CA,0000-00-00,,,,Queen's University,Kingston,Canada,2015,920,physics,2,"""for the discovery of neutrino oscillations which shows that neutrinos have mass"""
936,Bengt,Holmström,male,18/04/1949,Finland,Helsinki,FI,0000-00-00,,,,Massachusetts Institute of Technology (MIT),Cambridge MA,USA,2016,936,economics,2,"""for their contributions to contract theory"""
933,Bernard L.,Feringa,male,18/05/1951,the Netherlands,Barger-Compascuum,NL,0000-00-00,,,,University of Groningen,Groningen,the Netherlands,2016,933,chemistry,3,"""for the design and synthesis of molecular machines"""
935,Oliver,Hart,male,09/10/1948,United Kingdom,London,GB,0000-00-00,,,,Harvard University,Cambridge MA,USA,2016,935,economics,2,"""for their contributions to contract theory"""
934,Juan Manuel,Santos,male,10/08/1951,Colombia,Bogotá,CO,0000-00-00,,,,,,,2016,934,peace,1,"""for his resolute efforts to bring the country's more than 50-year-long civil war to an end"""
932,Sir J. Fraser,Stoddart,male,24/05/1942,United Kingdom,Edinburgh,GB,0000-00-00,,,,Northwestern University,Evanston IL,USA,2016,932,chemistry,3,"""for the design and synthesis of molecular machines"""
937,Bob,Dylan,male,24/05/1941,USA,Duluth MN,US,0000-00-00,,,,,,,2016,937,literature,1,"""for having created new poetic expressions within the great American song tradition"""
930,J. Michael,Kosterlitz,male,22/06/1943,United Kingdom,Aberdeen,GB,0000-00-00,,,,Brown University,Providence RI,USA,2016,930,physics,4,"""for theoretical discoveries of topological phase transitions and topological phases of matter"""
929,F. Duncan M.,Haldane,male,14/09/1951,United Kingdom,London,GB,0000-00-00,,,,Princeton University,Princeton NJ,USA,2016,929,physics,4,"""for theoretical discoveries of topological phase transitions and topological phases of matter"""
928,David J.,Thouless,male,21/09/1934,United Kingdom,Bearsden,GB,06/04/2019,United Kingdom,Cambridge,GB,University of Washington,Seattle WA,USA,2016,928,physics,2,"""for theoretical discoveries of topological phase transitions and topological phases of matter"""
927,Yoshinori,Ohsumi,male,09/02/1945,Japan,Fukuoka,JP,0000-00-00,,,,Tokyo Institute of Technology,Tokyo,Japan,2016,927,medicine,1,"""for his discoveries of mechanisms for autophagy"""
931,Jean-Pierre,Sauvage,male,21/10/1944,France,Paris,FR,0000-00-00,,,,University of Strasbourg,Strasbourg,France,2016,931,chemistry,3,"""for the design and synthesis of molecular machines"""
948,International Campaign to Abolish Nuclear Weapons,,org,2007-00-00,,,,0000-00-00,,,,,,,2017,948,peace,1,"""for its work to draw attention to the catastrophic humanitarian consequences of any use of nuclear weapons and for its ground-breaking efforts to achieve a treaty-based prohibition of such weapons"""
947,Kazuo,Ishiguro,male,08/11/1954,Japan,Nagasaki,JP,0000-00-00,,,,,,,2017,947,literature,1,"""who in novels of great emotional force has uncovered the abyss beneath our illusory sense of connection with the world"""
946,Richard,Henderson,male,19/07/1945,Scotland,Edinburgh,GB,0000-00-00,,,,MRC Laboratory of Molecular Biology,Cambridge,United Kingdom,2017,946,chemistry,3,"""for developing cryo-electron microscopy for the high-resolution structure determination of biomolecules in solution"""
945,Joachim,Frank,male,12/09/1940,Germany,Siegen,DE,0000-00-00,,,,Columbia University,New York NY,USA,2017,945,chemistry,3,"""for developing cryo-electron microscopy for the high-resolution structure determination of biomolecules in solution"""
944,Jacques,Dubochet,male,08/06/1942,Switzerland,Aigle,CH,0000-00-00,,,,University of Lausanne,Lausanne,Switzerland,2017,944,chemistry,3,"""for developing cryo-electron microscopy for the high-resolution structure determination of biomolecules in solution"""
943,Kip S.,Thorne,male,01/06/1940,USA,Logan UT,US,0000-00-00,,,,LIGO/VIRGO Collaboration,,,2017,943,physics,4,"""for decisive contributions to the LIGO detector and the observation of gravitational waves"""
949,Richard H.,Thaler,male,12/09/1945,USA,East Orange NJ,US,0000-00-00,,,,University of Chicago,Chicago IL,USA,2017,949,economics,1,"""for his contributions to behavioural economics"""
941,Rainer,Weiss,male,29/09/1932,Germany,Berlin,DE,0000-00-00,,,,LIGO/VIRGO Collaboration,,,2017,941,physics,2,"""for decisive contributions to the LIGO detector and the observation of gravitational waves"""
940,Michael W.,Young,male,28/03/1949,USA,Miami FL,US,0000-00-00,,,,Rockefeller University,New York NY,USA,2017,940,medicine,3,"""for their discoveries of molecular mechanisms controlling the circadian rhythm"""
939,Michael,Rosbash,male,07/03/1944,USA,Kansas City MO,US,0000-00-00,,,,Brandeis University,Waltham MA,USA,2017,939,medicine,3,"""for their discoveries of molecular mechanisms controlling the circadian rhythm"""
938,Jeffrey C.,Hall,male,03/05/1945,USA,New York NY,US,0000-00-00,,,,University of Maine,Maine ME,USA,2017,938,medicine,3,"""for their discoveries of molecular mechanisms controlling the circadian rhythm"""
942,Barry C.,Barish,male,27/01/1936,USA,Omaha NE,US,0000-00-00,,,,LIGO/VIRGO Collaboration,,,2017,942,physics,4,"""for decisive contributions to the LIGO detector and the observation of gravitational waves"""
979,Olga,Tokarczuk,female,29/01/1962,Poland,Sulechów,PL,0000-00-00,,,,,,,2018,979,literature,1,"""for a narrative imagination that with encyclopedic passion represents the crossing of boundaries as a form of life"""
969,Paul M.,Romer,male,1955-00-00,USA,Denver CO,US,0000-00-00,,,,NYU Stern School of Business,New York NY,USA,2018,969,economics,2,"""for integrating technological innovations into long-run macroeconomic analysis"""
968,William D.,Nordhaus,male,31/05/1941,USA,Albuquerque NM,US,0000-00-00,,,,Yale University,New Haven CT,USA,2018,968,economics,2,"""for integrating climate change into long-run macroeconomic analysis"""
967,Nadia,Murad,female,1993-00-00,Iraq,Kojo,IQ,0000-00-00,,,,,,,2018,967,peace,2,"""for their efforts to end the use of sexual violence as a weapon of war and armed conflict"""
966,Denis,Mukwege,male,01/03/1955,Belgian Congo (now Democratic Republic of the Congo),Bukavu,CD,0000-00-00,,,,,,,2018,966,peace,2,"""for their efforts to end the use of sexual violence as a weapon of war and armed conflict"""
965,Sir Gregory P.,Winter,male,14/04/1951,United Kingdom,Leicester,GB,0000-00-00,,,,MRC Laboratory of Molecular Biology,Cambridge,United Kingdom,2018,965,chemistry,4,"""for the phage display of peptides and antibodies"""
964,George P.,Smith,male,10/03/1941,USA,Norwalk CT,US,0000-00-00,,,,University of Missouri,Columbia,USA,2018,964,chemistry,4,"""for the phage display of peptides and antibodies"""
963,Frances H.,Arnold,female,25/07/1956,USA,Pittsburgh PA,US,0000-00-00,,,,California Institute of Technology (Caltech),Pasadena CA,USA,2018,963,chemistry,2,"""for the directed evolution of enzymes"""
961,Gérard,Mourou,male,22/06/1944,France,Albertville,FR,0000-00-00,,,,École Polytechnique,Palaiseau,France,2018,961,physics,4,"""for their method of generating high-intensity ultra-short optical pulses"""
960,Arthur,Ashkin,male,02/09/1922,USA,New York NY,US,21/09/2020,USA,Rumson NJ,US,Bell Laboratories,Holmdel NJ,USA,2018,960,physics,2,"""for the optical tweezers and their application to biological systems"""
959,Tasuku,Honjo,male,27/01/1942,Japan,Kyoto,JP,0000-00-00,,,,Kyoto University,Kyoto,Japan,2018,959,medicine,2,"""for their discovery of cancer therapy by inhibition of negative immune regulation"""
958,James P.,Allison,male,07/08/1948,USA,Alice TX,US,0000-00-00,,,,Parker Institute for Cancer Immunotherapy,San Francisco CA,USA,2018,958,medicine,2,"""for their discovery of cancer therapy by inhibition of negative immune regulation"""
962,Donna,Strickland,female,27/05/1959,Canada,Guelph,CA,0000-00-00,,,,University of Waterloo,Waterloo,Canada,2018,962,physics,4,"""for their method of generating high-intensity ultra-short optical pulses"""
978,Akira,Yoshino,male,30/01/1948,Japan,Suita,JP,0000-00-00,,,,Asahi Kasei Corporation,Tokyo,Japan,2019,978,chemistry,3,"""for the development of lithium-ion batteries"""
982,Abhijit,Banerjee,male,21/02/1961,India,Mumbai,IN,0000-00-00,,,,Massachusetts Institute of Technology (MIT),Cambridge MA,USA,2019,982,economics,3,"""for their experimental approach to alleviating global poverty"""
984,Michael,Kremer,male,12/11/1964,USA,New York NY,US,0000-00-00,,,,Harvard University,Cambridge MA,USA,2019,984,economics,3,"""for their experimental approach to alleviating global poverty"""
980,Peter,Handke,male,06/12/1942,Austria,Griffen,AT,0000-00-00,,,,,,,2019,980,literature,1,"""for an influential work that with linguistic ingenuity has explored the periphery and the specificity of human experience"""
983,Esther,Duflo,female,25/10/1972,France,Paris,FR,0000-00-00,,,,Massachusetts Institute of Technology (MIT),Cambridge MA,USA,2019,983,economics,3,"""for their experimental approach to alleviating global poverty"""
977,M. Stanley,Whittingham,male,22/12/1941,United Kingdom,,GB,0000-00-00,,,,Binghamton University State University of New York,New York NY,USA,2019,977,chemistry,3,"""for the development of lithium-ion batteries"""
981,Abiy,Ahmed Ali,male,15/08/1976,Ethiopia,Beshasha,ET,0000-00-00,,,,,,,2019,981,peace,1,"""for his efforts to achieve peace and international cooperation and in particular for his decisive initiative to resolve the border conflict with neighbouring Eritrea"""
975,Didier,Queloz,male,23/02/1966,Switzerland,Geneva,CH,0000-00-00,,,,University of Geneva,Geneva,Switzerland,2019,975,physics,4,"""for the discovery of an exoplanet orbiting a solar-type star"""
974,Michel,Mayor,male,12/01/1942,Switzerland,Lausanne,CH,0000-00-00,,,,University of Geneva,Geneva,Switzerland,2019,974,physics,4,"""for the discovery of an exoplanet orbiting a solar-type star"""
973,James,Peebles,male,25/04/1935,Canada,Winnipeg,CA,0000-00-00,,,,Princeton University,Princeton NJ,USA,2019,973,physics,2,"""for theoretical discoveries in physical cosmology"""
972,Gregg,Semenza,male,12/07/1956,USA,New York NY,US,0000-00-00,,,,Johns Hopkins University,Baltimore MD,USA,2019,972,medicine,3,"""for their discoveries of how cells sense and adapt to oxygen availability"""
971,Peter,Ratcliffe,male,14/05/1954,United Kingdom,Lancashire,GB,0000-00-00,,,,University of Oxford,Oxford,United Kingdom,2019,971,medicine,3,"""for their discoveries of how cells sense and adapt to oxygen availability"""
970,William,Kaelin,male,23/11/1957,USA,New York NY,US,0000-00-00,,,,Harvard Medical School,Boston MA,USA,2019,970,medicine,3,"""for their discoveries of how cells sense and adapt to oxygen availability"""
976,John,Goodenough,male,25/07/1922,Germany,Jena,DE,0000-00-00,,,,University of Texas,Austin TX,USA,2019,976,chemistry,3,"""for the development of lithium-ion batteries"""
996,Robert,Wilson,male,16/05/1937,USA,Geneva NE,US,0000-00-00,,,,Stanford University,Stanford CA,USA,2020,996,economics,2,"""for improvements to auction theory and inventions of new auction formats"""
995,Paul,Milgrom,male,20/04/1948,USA,Detroit MI,US,0000-00-00,,,,Stanford University,Stanford CA,USA,2020,995,economics,2,"""for improvements to auction theory and inventions of new auction formats"""
994,World Food Programme,,org,1961-00-00,,,,0000-00-00,,,,,,,2020,994,peace,1,"""for its efforts to combat hunger for its contribution to bettering conditions for peace in conflict-affected areas and for acting as a driving force in efforts to prevent the use of hunger as a weapon of war and conflict"""
993,Louise,Glück,female,22/04/1943,USA,New York NY,US,0000-00-00,,,,,,,2020,993,literature,1,"""for her unmistakable poetic voice that with austere beauty makes individual existence universal"""
992,Jennifer A.,Doudna,female,19/02/1964,USA,Washington D.C.,US,0000-00-00,,,,University of California,Berkeley CA,USA,2020,992,chemistry,2,"""for the development of a method for genome editing"""
991,Emmanuelle,Charpentier,female,11/12/1968,France,Juvisy-sur-Orge,FR,0000-00-00,,,,Max Planck Unit for the Science of Pathogens,Berlin,Germany,2020,991,chemistry,2,"""for the development of a method for genome editing"""
989,Reinhard,Genzel,male,24/03/1952,Germany,Bad Homburg vor der Höhe,DE,0000-00-00,,,,Max Planck Institute for Extraterrestrial Physics,Garching,Germany,2020,989,physics,4,"""for the discovery of a supermassive compact object at the centre of our galaxy"""
988,Roger,Penrose,male,08/08/1931,United Kingdom,Colchester,GB,0000-00-00,,,,University of Oxford,Oxford,United Kingdom,2020,988,physics,2,"""for the discovery that black hole formation is a robust prediction of the general theory of relativity"""
987,Charles,Rice,male,25/08/1952,USA,Sacramento CA,US,0000-00-00,,,,Rockefeller University,New York NY,USA,2020,987,medicine,3,"""for the discovery of Hepatitis C virus"""
986,Michael,Houghton,male,1949-00-00,United Kingdom,,GB,0000-00-00,,,,University of Alberta,Edmonton,Canada,2020,986,medicine,3,"""for the discovery of Hepatitis C virus"""
985,Harvey,Alter,male,12/09/1935,USA,New York NY,US,0000-00-00,,,,National Institutes of Health,Bethesda MD,USA,2020,985,medicine,3,"""for the discovery of Hepatitis C virus"""
990,Andrea,Ghez,female,16/06/1965,USA,New York NY,US,0000-00-00,,,,University of California,Los Angeles CA,USA,2020,990,physics,4,"""for the discovery of a supermassive compact object at the centre of our galaxy"""
1004,Abdulrazak,Gurnah,male,1948-00-00,,,,0000-00-00,,,,,,,2021,1004,literature,1,"""for his uncompromising and compassionate penetration of the effects of colonialism and the fate of the refugee in the gulf between cultures and continents"""
1008,Joshua,Angrist,male,18/09/1960,USA,Columbus OH,US,0000-00-00,,,,Massachusetts Institute of Technology (MIT),Cambridge MA,USA,2021,1008,economics,4,"""for their methodological contributions to the analysis of causal relationships"""
1007,David,Card,male,1956-00-00,Canada,Guelph,CA,0000-00-00,,,,University of California,Berkeley CA,USA,2021,1007,economics,2,"""for his empirical contributions to labour economics"""
1006,Dmitry,Muratov,male,1961-00-00,USSR (now Russia),Kubyshev (now Samara),RU,0000-00-00,,,,,,,2021,1006,peace,2,"""for their efforts to safeguard freedom of expression which is a precondition for democracy and lasting peace"""
1009,Guido,Imbens,male,03/09/1963,the Netherlands,Geldrop,NL,0000-00-00,,,,Stanford University,Stanford CA,USA,2021,1009,economics,4,"""for their methodological contributions to the analysis of causal relationships"""
1005,Maria,Ressa,female,02/10/1963,Philippines,Manila,PH,0000-00-00,,,,,,,2021,1005,peace,2,"""for their efforts to safeguard freedom of expression which is a precondition for democracy and lasting peace"""
1003,David,MacMillan,male,16/03/1968,United Kingdom,Bellshill,GB,0000-00-00,,,,Princeton University,Princeton NJ,USA,2021,1003,chemistry,2,"""for the development of asymmetric organocatalysis"""
999,Syukuro,Manabe,male,21/09/1931,Japan,Shingu Ehime,JP,0000-00-00,,,,Princeton University,Princeton NJ,USA,2021,999,physics,4,"""for the physical modelling of Earth’s climate quantifying variability and reliably predicting global warming"""
1001,Giorgio,Parisi,male,04/08/1948,Italy,Rome,IT,0000-00-00,,,,Sapienza University of Rome,Rome,Italy,2021,1001,physics,2,"""for the discovery of the interplay of disorder and fluctuations in physical systems from atomic to planetary scales"""
1000,Klaus,Hasselmann,male,25/10/1931,Germany,Hamburg,DE,0000-00-00,,,,Max Planck Institute for Meteorology,Hamburg,Germany,2021,1000,physics,4,"""for the physical modelling of Earth’s climate quantifying variability and reliably predicting global warming"""
998,Ardem,Patapoutian,male,1967-00-00,Lebanon,Beirut,LB,0000-00-00,,,,Scripps Research,La Jolla CA,USA,2021,998,medicine,2,"""for their discoveries of receptors for temperature and touch"""
997,David,Julius,male,04/11/1955,USA,New York NY,US,0000-00-00,,,,University of California,San Francisco CA,USA,2021,997,medicine,2,"""for their discoveries of receptors for temperature and touch"""
1002,Benjamin,List,male,11/01/1968,Germany,Frankfurt-on-the-Main,DE,0000-00-00,,,,Max-Planck-Institut für Kohlenforschung,Mülheim an der Ruhr,Germany,2021,1002,chemistry,2,"""for the development of asymmetric organocatalysis"""
1021,Ben,Bernanke,male,13/12/1953,USA,Augusta GA,US,0000-00-00,,,,The Brookings Institution,Washington D.C.,USA,2022,1021,economics,3,"""for research on banks and financial crises"""
1020,Center for Civil Liberties,,org,2007-00-00,,,,0000-00-00,,,,,,,2022,1020,peace,3,"""The Peace Prize laureates represent civil society in their home countries. They have for many years promoted the right to criticise power and protect the fundamental rights of citizens. They have made an outstanding effort to document war crimes human right abuses and the abuse of power. Together they demonstrate the significance of civil society for peace and democracy."""
1019,Memorial,,org,1987-00-00,,,,0000-00-00,,,,,,,2022,1019,peace,3,"""The Peace Prize laureates represent civil society in their home countries. They have for many years promoted the right to criticise power and protect the fundamental rights of citizens. They have made an outstanding effort to document war crimes human right abuses and the abuse of power. Together they demonstrate the significance of civil society for peace and democracy."""
1018,Ales,Bialiatski,male,25/09/1962,Russia,Vyartsilya Karelia,RU,0000-00-00,,,,,,,2022,1018,peace,3,"""The Peace Prize laureates represent civil society in their home countries. They have for many years promoted the right to criticise power and protect the fundamental rights of citizens. They have made an outstanding effort to document war crimes human right abuses and the abuse of power. Together they demonstrate the significance of civil society for peace and democracy."""
1017,Annie,Ernaux,female,01/09/1940,France,Lillebonne,FR,0000-00-00,,,,,,,2022,1017,literature,1,"""for the courage and clinical acuity with which she uncovers the roots estrangements and  collective restraints of personal memory"""
1016,Morten,Meldal,male,1954-00-00,Denmark,Copenhagen,DK,0000-00-00,,,,University of Copenhagen,Copenhagen,Denmark,2022,1016,chemistry,3,"""for the development of click chemistry and bioorthogonal chemistry"""
1014,Anton,Zeilinger,male,20/05/1945,Austria,Ried im Innkreis,AT,0000-00-00,,,,University of Vienna,Vienna,Austria,2022,1014,physics,3,"""for experiments with entangled photons establishing the violation of Bell inequalities and  pioneering quantum information science"""
1013,John F.,Clauser,male,01/12/1942,USA,Pasadena CA,US,0000-00-00,,,,J.F. Clauser & Assoc.,Walnut Creek CA,USA,2022,1013,physics,3,"""for experiments with entangled photons establishing the violation of Bell inequalities and  pioneering quantum information science"""
1012,Alain,Aspect,male,15/06/1947,France,Agen,FR,0000-00-00,,,,Institut d’Optique Graduate School – Université Paris-Saclay,Paris,France,2022,1012,physics,3,"""for experiments with entangled photons establishing the violation of Bell inequalities and  pioneering quantum information science"""
1011,Svante,Pääbo,male,20/04/1955,Sweden,Stockholm,SE,0000-00-00,,,,Max Planck Institute for Evolutionary Anthropology,Leipzig,Germany,2022,1011,medicine,1,"""for his discoveries concerning the genomes of extinct hominins and human evolution"""
743,Barry,Sharpless,male,28/04/1941,USA,Philadelphia PA,US,0000-00-00,,,,Scripps Research,La Jolla CA,USA,2001,743,chemistry,2,"""for his work on chirally catalysed oxidation reactions"""
743,Barry,Sharpless,male,28/04/1941,USA,Philadelphia PA,US,0000-00-00,,,,Scripps Research,La Jolla CA,USA,2022,743,chemistry,3,"""for the development of click chemistry and bioorthogonal chemistry"""
1022,Douglas,Diamond,male,25/10/1953,USA,Chicago IL,US,0000-00-00,,,,University of Chicago,Chicago IL,USA,2022,1022,economics,3,"""for research on banks and financial crises"""
1015,Carolyn,Bertozzi,female,10/10/1966,USA,Boston MA,US,0000-00-00,,,,Stanford University,Stanford CA,USA,2022,1015,chemistry,3,"""for the development of click chemistry and bioorthogonal chemistry"""
1023,Philip,Dybvig,male,22/05/1955,USA,Gainesville FL,US,0000-00-00,,,,Washington University,St. Louis MO,USA,2022,1023,economics,3,"""for research on banks and financial crises"""
